{
  "program_name": "selftest_#652   verif_scale2",
  "verification_stats": {
    "subprog_cnt": 1,
    "insn_processed": 779692,
    "complexity_limit_insns": 1000000,
    "max_states_per_insn": 13,
    "total_states": 3048,
    "peak_states": 801,
    "longest_mark_read_walk": 0
  },
  "stats": {
    "verification_time": 981421572,
    "program_length": 11429,
    "num_records": 1695965,
    "num_sites": 47,
    "site_tree": {
      "kernel/bpf/verifier.c:20063:do_check_main": [
        95.38267343078128,
        95.38267343078128,
        {
          "kernel/bpf/verifier.c:18807:do_check": [
            95.23935112769254,
            99.84973968758305,
            {
              "kernel/bpf/verifier.c:17790:do_check_insn": [
                61.6984735485313,
                64.7825429488792,
                {
                  "kernel/bpf/verifier.c:17578:check_alu_op": [
                    22.684442277574064,
                    36.76661831792443,
                    {}
                  ],
                  "kernel/bpf/verifier.c:17583:check_load_mem": [
                    2.4291854469243317,
                    3.937188891737432,
                    {}
                  ],
                  "kernel/bpf/verifier.c:17642:check_cond_jmp_op": [
                    1.9860087200121173,
                    3.2188944163261124,
                    {}
                  ],
                  "kernel/bpf/verifier.c:17588:check_store_reg": [
                    0.1369016168313855,
                    0.22188817479203968,
                    {}
                  ],
                  "kernel/bpf/verifier.c:17640:process_bpf_exit_full": [
                    5.634683562875669e-05,
                    9.132614210371822e-05,
                    {}
                  ]
                }
              ],
              "kernel/bpf/verifier.c:17703:bpf_is_state_visited": [
                8.957398584672642,
                9.405144489763453,
                {
                  "kernel/bpf/states.c:1370:states_equal": [
                    3.855762913676815,
                    43.04556593333429,
                    {
                      "kernel/bpf/states.c:967:refsafe": [
                        0.860289628930227,
                        22.311787529225022,
                        {}
                      ]
                    }
                  ],
                  "kernel/bpf/states.c:1382:propagate_precision": [
                    0.8991435741540843,
                    10.037998930768184,
                    {}
                  ]
                }
              ]
            }
          ],
          "kernel/bpf/verifier.c:18798:18708": [
            0.0002319084952821885,
            0.00024313482411507714,
            {}
          ]
        }
      ],
      "kernel/bpf/verifier.c:20055:bpf_compute_live_registers": [
        4.130348481885622,
        4.130348481885622,
        {
          "kernel/bpf/liveness.c:2162:bpf_compute_subprog_arg_access": [
            3.5954342157052155,
            87.04917348920152,
            {
              "kernel/bpf/liveness.c:1950:analyze_subprog": [
                1.7995937224008767,
                50.0521943786392,
                {}
              ],
              "kernel/bpf/liveness.c:1924:analyze_subprog": [
                1.7708254531825187,
                49.252061001349325,
                {}
              ]
            }
          ],
          "kernel/bpf/liveness.c:2159:compute_insn_live_regs": [
            0.18020594313979477,
            4.362971887968292,
            {}
          ],
          "kernel/bpf/liveness.c:2188:2167": [
            0.01216714645436793,
            0.2945791743173516,
            {}
          ]
        }
      ],
      "kernel/bpf/verifier.c:20039:bpf_compute_const_regs": [
        0.1296100510005908,
        0.1296100510005908,
        {}
      ],
      "kernel/bpf/verifier.c:20009:bpf_check_btf_info": [
        0.10788646084498334,
        0.10788646084498334,
        {}
      ],
      "kernel/bpf/verifier.c:20051:bpf_compute_scc": [
        0.02665877819119305,
        0.02665877819119305,
        {}
      ],
      "kernel/bpf/verifier.c:20023:bpf_check_cfg": [
        0.021887332225870415,
        0.021887332225870415,
        {}
      ],
      "kernel/bpf/verifier.c:20013:check_and_resolve_insns": [
        0.02092444326259419,
        0.02092444326259419,
        {}
      ],
      "kernel/bpf/verifier.c:20027:bpf_compute_postorder": [
        0.018160493419437495,
        0.018160493419437495,
        {}
      ],
      "kernel/bpf/verifier.c:20102:bpf_do_misc_fixups": [
        0.016057217866003864,
        0.016057217866003864,
        {}
      ],
      "kernel/bpf/verifier.c:20099:bpf_convert_ctx_accesses": [
        0.005483576226099094,
        0.005483576226099094,
        {}
      ],
      "kernel/bpf/verifier.c:20076:bpf_remove_fastcall_spills_fills": [
        0.004407687912529397,
        0.004407687912529397,
        {}
      ],
      "kernel/bpf/verifier.c:20005:check_subprogs": [
        0.003562994843157982,
        0.003562994843157982,
        {}
      ],
      "kernel/bpf/verifier.c:20108:bpf_opt_subreg_zext_lo32_rnd_hi32": [
        0.003059133898882753,
        0.003059133898882753,
        {}
      ],
      "kernel/bpf/verifier.c:20043:bpf_prune_dead_branches": [
        0.0026049967444571314,
        0.0026049967444571314,
        {}
      ],
      "kernel/bpf/verifier.c:20059:mark_fastcall_patterns": [
        0.002004235545782358,
        0.002004235545782358,
        {}
      ],
      "kernel/bpf/verifier.c:20089:bpf_opt_remove_dead_code": [
        0.0019403486272665709,
        0.0019403486272665709,
        {}
      ],
      "kernel/bpf/verifier.c:20079:check_max_stack_depth": [
        0.0018442635169629224,
        0.0018442635169629224,
        {}
      ],
      "kernel/bpf/verifier.c:20083:bpf_optimize_bpf_loop": [
        0.0017022246582531811,
        0.0017022246582531811,
        {}
      ],
      "kernel/bpf/verifier.c:20001:add_subprog_and_kfunc": [
        0.0015289046448634614,
        0.0015289046448634614,
        {}
      ],
      "kernel/bpf/verifier.c:20091:bpf_opt_remove_nops": [
        0.0014311892463680226,
        0.0014311892463680226,
        {}
      ],
      "kernel/bpf/verifier.c:20047:sort_subprogs_topo": [
        0.0012174177072195027,
        0.0012174177072195027,
        {}
      ],
      "kernel/bpf/verifier.c:20087:bpf_opt_hard_wire_dead_code_branches": [
        0.0011977523559060304,
        0.0011977523559060304,
        {}
      ],
      "kernel/bpf/verifier.c:19997:bpf_check_btf_info_early": [
        0.0002899875121147225,
        0.0002899875121147225,
        {}
      ],
      "kernel/bpf/verifier.c:20031:bpf_stack_liveness_init": [
        0.00022711952371880407,
        0.00022711952371880407,
        {}
      ],
      "kernel/bpf/verifier.c:20035:check_attach_btf_id": [
        3.1892512751900264e-05,
        3.1892512751900264e-05,
        {}
      ],
      "kernel/bpf/verifier.c:20017:bpf_prog_is_offloaded": [
        2.547325299672545e-05,
        2.547325299672545e-05,
        {}
      ],
      "kernel/bpf/verifier.c:20064:do_check_subprogs": [
        2.0684281433341062e-05,
        2.0684281433341062e-05,
        {}
      ],
      "kernel/bpf/verifier.c:20114:bpf_fixup_call_args": [
        1.8136956133668517e-05,
        1.8136956133668517e-05,
        {}
      ],
      "kernel/bpf/verifier.c:20066:bpf_prog_is_offloaded": [
        1.5589630833995975e-05,
        1.5589630833995975e-05,
        {}
      ],
      "kernel/bpf/verifier.c:20107:bpf_prog_is_offloaded": [
        1.477448673810076e-05,
        1.477448673810076e-05,
        {}
      ]
    },
    "durations_per_insn_type": {
      "jgt": [
        90,
        23864425,
        265160.27777777775
      ],
      "mov": [
        3060,
        278957816,
        91162.68496732027
      ],