{
  "program_name": "selftest_#399   signal_pending",
  "verification_stats": {
    "subprog_cnt": 1,
    "insn_processed": 4096,
    "complexity_limit_insns": 1000000,
    "max_states_per_insn": 0,
    "total_states": 0,
    "peak_states": 0,
    "longest_mark_read_walk": 0
  },
  "stats": {
    "verification_time": 12725156,
    "program_length": 4096,
    "num_records": 12325,
    "num_sites": 39,
    "site_tree": {
      "kernel/bpf/verifier.c:20055:bpf_compute_live_registers": [
        60.32314260037362,
        60.32314260037362,
        {
          "kernel/bpf/liveness.c:2162:bpf_compute_subprog_arg_access": [
            45.72038252419067,
            75.79244143011124,
            {
              "kernel/bpf/liveness.c:1924:analyze_subprog": [
                45.310092858586565,
                99.1026110392077,
                {}
              ]
            }
          ],
          "kernel/bpf/liveness.c:2159:compute_insn_live_regs": [
            4.851209682616071,
            8.042037389786163,
            {}
          ],
          "kernel/bpf/liveness.c:2188:2167": [
            0.3180943322030787,
            0.527317242588599,
            {}
          ]
        }
      ],
      "kernel/bpf/verifier.c:20063:do_check_main": [
        28.95085136873764,
        28.95085136873764,
        {
          "kernel/bpf/verifier.c:18807:do_check": [
            28.856911459474443,
            99.67551935496918,
            {
              "kernel/bpf/verifier.c:17790:do_check_insn": [
                19.686847061049782,
                68.22229429749349,
                {
                  "kernel/bpf/verifier.c:17578:check_alu_op": [
                    5.360272204128578,
                    27.227682459797332,
                    {}
                  ],
                  "kernel/bpf/verifier.c:17640:process_bpf_exit_full": [
                    0.004432165703901783,
                    0.022513334360537478,
                    {}
                  ]
                }
              ]
            }
          ],
          "kernel/bpf/verifier.c:18798:18708": [
            0.0013202195713749993,
            0.004560209834798256,
            {}
          ]
        }
      ],
      "kernel/bpf/verifier.c:20039:bpf_compute_const_regs": [
        3.965585962168165,
        3.965585962168165,
        {}
      ],
      "kernel/bpf/verifier.c:20051:bpf_compute_scc": [
        0.7099087822577578,
        0.7099087822577578,
        {}
      ],
      "kernel/bpf/verifier.c:20027:bpf_compute_postorder": [
        0.6289588905629133,
        0.6289588905629133,
        {}
      ],
      "kernel/bpf/verifier.c:20013:check_and_resolve_insns": [
        0.5635294372815547,
        0.5635294372815547,
        {}
      ],
      "kernel/bpf/verifier.c:20023:bpf_check_cfg": [
        0.5418401157518227,
        0.5418401157518227,
        {}
      ],
      "kernel/bpf/verifier.c:20102:bpf_do_misc_fixups": [
        0.45490208528681303,
        0.45490208528681303,
        {}
      ],
      "kernel/bpf/verifier.c:20099:bpf_convert_ctx_accesses": [
        0.11101632074294414,
        0.11101632074294414,
        {}
      ],
      "kernel/bpf/verifier.c:20005:check_subprogs": [
        0.10946034767668074,
        0.10946034767668074,
        {}
      ],
      "kernel/bpf/verifier.c:20108:bpf_opt_subreg_zext_lo32_rnd_hi32": [
        0.07998330236580205,
        0.07998330236580205,
        {}
      ],
      "kernel/bpf/verifier.c:20043:bpf_prune_dead_branches": [
        0.07903242993641885,
        0.07903242993641885,
        {}
      ],
      "kernel/bpf/verifier.c:20076:bpf_remove_fastcall_spills_fills": [
        0.06359843447105874,
        0.06359843447105874,
        {}
      ],
      "kernel/bpf/verifier.c:20079:check_max_stack_depth": [
        0.05840399913368449,
        0.05840399913368449,
        {}
      ],
      "kernel/bpf/verifier.c:20059:mark_fastcall_patterns": [
        0.05617219938207437,
        0.05617219938207437,
        {}
      ],
      "kernel/bpf/verifier.c:20047:sort_subprogs_topo": [
        0.04913888678457066,
        0.04913888678457066,
        {}
      ],
      "kernel/bpf/verifier.c:20089:bpf_opt_remove_dead_code": [
        0.04888741639002303,
        0.04888741639002303,
        {}
      ],
      "kernel/bpf/verifier.c:20083:bpf_optimize_bpf_loop": [
        0.04828231575314283,
        0.04828231575314283,
        {}
      ],
      "kernel/bpf/verifier.c:20091:bpf_opt_remove_nops": [
        0.041193994006831824,
        0.041193994006831824,
        {}
      ],
      "kernel/bpf/verifier.c:20001:add_subprog_and_kfunc": [
        0.033720608218869776,
        0.033720608218869776,
        {}
      ],
      "kernel/bpf/verifier.c:20087:bpf_opt_hard_wire_dead_code_branches": [
        0.032934763235908465,
        0.032934763235908465,
        {}
      ],
      "kernel/bpf/verifier.c:20031:bpf_stack_liveness_init": [
        0.012683538024995528,
        0.012683538024995528,
        {}
      ],
      "kernel/bpf/verifier.c:19997:bpf_check_btf_info_early": [
        0.0014931054676264872,
        0.0014931054676264872,
        {}
      ],
      "kernel/bpf/verifier.c:20009:bpf_check_btf_info": [
        0.0014380963188191957,
        0.0014380963188191957,
        {}
      ],
      "kernel/bpf/verifier.c:20035:check_attach_btf_id": [
        0.0014066625195007431,
        0.0014066625195007431,
        {}
      ],
      "kernel/bpf/verifier.c:20064:do_check_subprogs": [
        0.0013123611215453861,
        0.0013123611215453861,
        {}
      ],
      "kernel/bpf/verifier.c:20017:bpf_prog_is_offloaded": [
        0.0012494935229084814,
        0.0012494935229084814,
        {}
      ],
      "kernel/bpf/verifier.c:20114:bpf_fixup_call_args": [
        0.0011866259242715768,
        0.0011866259242715768,
        {}
      ],
      "kernel/bpf/verifier.c:20107:bpf_prog_is_offloaded": [
        0.0011787674744419636,
        0.0011787674744419636,
        {}
      ],
      "kernel/bpf/verifier.c:20066:bpf_prog_is_offloaded": [
        0.0011630505747827376,
        0.0011630505747827376,
        {}
      ]
    },
    "durations_per_insn_type": {
      "exit": [
        1,
        1402,
        1402.0
      ],
      "mov": [
        4095,
        3121104,
        762.1743589743589
      ]
    },
    "analysis_time": "0.07s"
  },
  "site_tree": {
    "kernel/bpf/verifier.c:19997:bpf_check_btf_info_early": {
      "inclusive_duration": 190,
      "exclusive_duration": 190,
      "children_duration": 0,
      "children": []
    },
    "kernel/bpf/verifier.c:20001:add_subprog_and_kfunc": {
      "inclusive_duration": 4291,
      "exclusive_duration": 4291,
      "children_duration": 0,
      "children": []
    },
    "kernel/bpf/verifier.c:20005:check_subprogs": {
      "inclusive_duration": 13929,
      "exclusive_duration": 13929,
      "children_duration": 0,
      "children": []
    },
    "kernel/bpf/verifier.c:20009:bpf_check_btf_info": {
      "inclusive_duration": 183,
      "exclusive_duration": 183,
      "children_duration": 0,
      "children": []
    },
    "kernel/bpf/verifier.c:20013:check_and_resolve_insns": {
      "inclusive_duration": 71710,
      "exclusive_duration": 71710,
      "children_duration": 0,
      "children": []
    },
    "kernel/bpf/verifier.c:20017:bpf_prog_is_offloaded": {
      "inclusive_duration": 159,
      "exclusive_duration": 159,
      "children_duration": 0,
      "children": []
    },
    "kernel/bpf/verifier.c:20023:bpf_check_cfg": {
      "inclusive_duration": 68950,
      "exclusive_duration": 68950,
      "children_duration": 0,
      "children": []
    },
    "kernel/bpf/verifier.c:20027:bpf_compute_postorder": {
      "inclusive_duration": 80036,
      "exclusive_duration": 80036,
      "children_duration": 0,
      "children": []
    },
    "kernel/bpf/verifier.c:20031:bpf_stack_liveness_init": {
      "inclusive_duration": 1614,
      "exclusive_duration": 1614,