{
  "program_name": "selftest_timer_stress_nmi_update-8",
  "verification_stats": {
    "subprog_cnt": 2,
    "insn_processed": 458,
    "complexity_limit_insns": 1000000,
    "max_states_per_insn": 1,
    "total_states": 38,
    "peak_states": 38,
    "longest_mark_read_walk": 0
  },
  "stats": {
    "verification_time": 14354698,
    "program_length": 314,
    "num_records": 1133,
    "num_record_sites": 44,
    "site_tree": {
      "kernel/bpf/verifier.c:20055:bpf_compute_live_registers": [
        93.71077677844563,
        93.71077677844563,
        {}
      ],
      "kernel/bpf/verifier.c:20063:do_check_main": [
        4.124391888982966,
        4.124391888982966,
        {
          "kernel/bpf/verifier.c:18807:do_check": [
            3.956028890332628,
            95.9178709690496,
            {
              "kernel/bpf/verifier.c:17790:do_check_insn": [
                1.8184847915295745,
                45.96742950925906,
                {
                  "kernel/bpf/verifier.c:17642:check_cond_jmp_op": [
                    0.43559955075334916,
                    23.953983711183813,
                    {}
                  ],
                  "kernel/bpf/verifier.c:17578:check_alu_op": [
                    0.2808557867257117,
                    15.444494671273915,
                    {}
                  ],
                  "kernel/bpf/verifier.c:17629:check_helper_call": [
                    0.24807209458534066,
                    13.641692014189505,
                    {}
                  ],
                  "kernel/bpf/verifier.c:17588:check_store_reg": [
                    0.08399340759380657,
                    4.618867751055402,
                    {}
                  ],
                  "kernel/bpf/verifier.c:17583:check_load_mem": [
                    0.0480818196244881,
                    2.6440594855921358,
                    {}
                  ],
                  "kernel/bpf/verifier.c:17651:check_ld_imm": [
                    0.04196535517500961,
                    2.3077099885840378,
                    {}
                  ],
                  "kernel/bpf/verifier.c:17640:process_bpf_exit_full": [
                    0.008443228830031813,
                    0.4643002168266689,
                    {}
                  ]
                }
              ],
              "kernel/bpf/verifier.c:17703:bpf_is_state_visited": [
                1.048416344251896,
                26.50173629454318,
                {
                  "kernel/bpf/states.c:1370:states_equal": [
                    0.2588281550750841,
                    24.68753529970697,
                    {
                      "kernel/bpf/states.c:967:refsafe": [
                        0.14335376473959954,
                        55.38569198471228,
                        {}
                      ]
                    }
                  ],
                  "kernel/bpf/states.c:1382:propagate_precision": [
                    0.0299135516469939,
                    2.8532130208575586,
                    {}
                  ]
                }
              ]
            }
          ],
          "kernel/bpf/verifier.c:18798:18708": [
            0.004012623602391356,
            0.09729006627885765,
            {}
          ]
        }
      ],
      "kernel/bpf/verifier.c:20114:bpf_fixup_call_args": [
        0.49546148584944105,
        0.49546148584944105,
        {}
      ],
      "kernel/bpf/verifier.c:20102:bpf_do_misc_fixups": [
        0.3070911000705135,
        0.3070911000705135,
        {}
      ],
      "kernel/bpf/verifier.c:20039:bpf_compute_const_regs": [
        0.28031937697330866,
        0.28031937697330866,
        {}
      ],
      "kernel/bpf/verifier.c:20005:check_subprogs": [
        0.2632239285006205,
        0.2632239285006205,
        {}
      ],
      "kernel/bpf/verifier.c:20023:bpf_check_cfg": [
        0.11573214567105487,
        0.11573214567105487,
        {}
      ],
      "kernel/bpf/verifier.c:20013:check_and_resolve_insns": [
        0.09384384122884369,
        0.09384384122884369,
        {}
      ],
      "kernel/bpf/verifier.c:20035:check_attach_btf_id": [
        0.08189653310714026,
        0.08189653310714026,
        {}
      ],
      "kernel/bpf/verifier.c:20051:bpf_compute_scc": [
        0.07555714512419558,
        0.07555714512419558,
        {}
      ],
      "kernel/bpf/verifier.c:20009:bpf_check_btf_info": [
        0.058043715026258304,
        0.058043715026258304,
        {}
      ],
      "kernel/bpf/verifier.c:20027:bpf_compute_postorder": [
        0.044354816799350286,
        0.044354816799350286,
        {}
      ],
      "kernel/bpf/verifier.c:20059:mark_fastcall_patterns": [
        0.029634897230161165,
        0.029634897230161165,
        {}
      ],
      "kernel/bpf/verifier.c:20047:sort_subprogs_topo": [
        0.018844004938313574,
        0.018844004938313574,
        {}
      ],
      "kernel/bpf/verifier.c:20108:bpf_opt_subreg_zext_lo32_rnd_hi32": [
        0.018586249602743295,
        0.018586249602743295,
        {}
      ],
      "kernel/bpf/verifier.c:20099:bpf_convert_ctx_accesses": [
        0.018119503454548467,
        0.018119503454548467,
        {}
      ],
      "kernel/bpf/verifier.c:20079:check_max_stack_depth": [
        0.0156603782259996,
        0.0156603782259996,
        {}
      ],
      "kernel/bpf/verifier.c:20001:add_subprog_and_kfunc": [
        0.014901044940130403,
        0.014901044940130403,
        {}
      ],
      "kernel/bpf/verifier.c:20043:bpf_prune_dead_branches": [
        0.014719919569189124,
        0.014719919569189124,
        {}
      ],
      "kernel/bpf/verifier.c:20087:bpf_opt_hard_wire_dead_code_branches": [
        0.011696519146553971,
        0.011696519146553971,
        {}
      ],
      "kernel/bpf/verifier.c:20083:bpf_optimize_bpf_loop": [
        0.009446384730629651,
        0.009446384730629651,
        {}
      ],
      "kernel/bpf/verifier.c:20076:bpf_remove_fastcall_spills_fills": [
        0.005600953778337935,
        0.005600953778337935,
        {}
      ],
      "kernel/bpf/verifier.c:19997:bpf_check_btf_info_early": [
        0.004131051729545268,
        0.004131051729545268,
        {}
      ],
      "kernel/bpf/verifier.c:20091:bpf_opt_remove_nops": [
        0.0038245318710292617,
        0.0038245318710292617,
        {}
      ],
      "kernel/bpf/verifier.c:20089:bpf_opt_remove_dead_code": [
        0.0037827337085043515,
        0.0037827337085043515,
        {}
      ],
      "kernel/bpf/verifier.c:20031:bpf_stack_liveness_init": [
        0.0035528438146173466,
        0.0035528438146173466,
        {}
      ],
      "kernel/bpf/verifier.c:20064:do_check_subprogs": [
        0.0011633821902766607,
        0.0011633821902766607,
        {}
      ],
      "kernel/bpf/verifier.c:20107:bpf_prog_is_offloaded": [
        0.0005503424732446479,
        0.0005503424732446479,
        {}
      ],
      "kernel/bpf/verifier.c:20017:bpf_prog_is_offloaded": [
        0.0005364097524030112,
        0.0005364097524030112,
        {}
      ],
      "kernel/bpf/verifier.c:20066:bpf_prog_is_offloaded": [
        0.0005224770315613745,
        0.0005224770315613745,
        {}
      ]
    },
    "durations_per_insn_type": {
      "jslt32": [
        1,
        8589,
        8589.0
      ],
      "jeq32": [
        3,
        20295,
        6765.0
      ],
      "jeq": [
        15,
        71719,
        4781.266666666666
      ],
      "ldx": [
        13,
        61680,
        4744.615384615385
      ],
      "jne32": [
        1,
        4434,
        4434.0
      ],
      "call bpf_timer_set_callback": [
        2,
        6119,
        3059.5
      ],
      "call bpf_timer_cancel": [
        3,
        5287,
        1762.3333333333333
      ],
      "call bpf_map_delete_elem": [
        4,
        5788,
        1447.0
      ],