{
  "program_name": "selftest_bpf_iter_11",
  "verification_stats": {
    "subprog_cnt": 1,
    "insn_processed": 85521,
    "complexity_limit_insns": 1000000,
    "max_states_per_insn": 8,
    "total_states": 1049,
    "peak_states": 1031,
    "longest_mark_read_walk": 0
  },
  "stats": {
    "verification_time": 169441317,
    "program_length": 448,
    "num_records": 206430,
    "num_record_sites": 45,
    "site_tree": {
      "kernel/bpf/verifier.c:20063:do_check_main": [
        98.93982469458733,
        98.93982469458733,
        {
          "kernel/bpf/verifier.c:18807:do_check": [
            98.87950233531294,
            99.93903126525584,
            {
              "kernel/bpf/verifier.c:17790:do_check_insn": [
                51.97801962315957,
                52.56703198899151,
                {
                  "kernel/bpf/verifier.c:17642:check_cond_jmp_op": [
                    16.522428824133844,
                    31.787338078521245,
                    {}
                  ],
                  "kernel/bpf/verifier.c:17578:check_alu_op": [
                    8.216504242586831,
                    15.807651584566809,
                    {}
                  ],
                  "kernel/bpf/verifier.c:17588:check_store_reg": [
                    2.4813068467828305,
                    4.773761803108882,
                    {}
                  ],
                  "kernel/bpf/verifier.c:17651:check_ld_imm": [
                    1.8382777324612039,
                    3.5366444235250016,
                    {}
                  ],
                  "kernel/bpf/verifier.c:17583:check_load_mem": [
                    1.1043292351180203,
                    2.1246081384485267,
                    {}
                  ],
                  "kernel/bpf/verifier.c:17629:check_helper_call": [
                    0.019380751154100154,
                    0.03728643625634551,
                    {}
                  ],
                  "kernel/bpf/verifier.c:17628:check_kfunc_call": [
                    0.018467750696248425,
                    0.03552992366800341,
                    {}
                  ],
                  "kernel/bpf/verifier.c:17640:process_bpf_exit_full": [
                    0.0009531323461089482,
                    0.001833721932884619,
                    {}
                  ]
                }
              ],
              "kernel/bpf/verifier.c:17703:bpf_is_state_visited": [
                18.263167182535533,
                18.47012449618002,
                {
                  "kernel/bpf/states.c:1370:states_equal": [
                    4.095604379656705,
                    22.425488080584383,
                    {
                      "kernel/bpf/states.c:967:refsafe": [
                        0.7212343610384001,
                        17.60996166086858,
                        {}
                      ]
                    }
                  ],
                  "kernel/bpf/states.c:1382:propagate_precision": [
                    0.6704805062392191,
                    3.671217043232116,
                    {}
                  ]
                }
              ]
            }
          ],
          "kernel/bpf/verifier.c:18798:18708": [
            0.001555700844794543,
            0.0015723707309940793,
            {}
          ]
        }
      ],
      "kernel/bpf/verifier.c:20055:bpf_compute_live_registers": [
        0.8361892040770669,
        0.8361892040770669,
        {}
      ],
      "kernel/bpf/verifier.c:20039:bpf_compute_const_regs": [
        0.05423883715445861,
        0.05423883715445861,
        {}
      ],
      "kernel/bpf/verifier.c:20009:bpf_check_btf_info": [
        0.015704552154773444,
        0.015704552154773444,
        {}
      ],
      "kernel/bpf/verifier.c:20001:add_subprog_and_kfunc": [
        0.014891881417564761,
        0.014891881417564761,
        {}
      ],
      "kernel/bpf/verifier.c:20013:check_and_resolve_insns": [
        0.01330254060761343,
        0.01330254060761343,
        {}
      ],
      "kernel/bpf/verifier.c:20023:bpf_check_cfg": [
        0.013175653019741341,
        0.013175653019741341,
        {}
      ],
      "kernel/bpf/verifier.c:20051:bpf_compute_scc": [
        0.011603427279782062,
        0.011603427279782062,
        {}
      ],
      "kernel/bpf/verifier.c:20102:bpf_do_misc_fixups": [
        0.007985655588359243,
        0.007985655588359243,
        {}
      ],
      "kernel/bpf/verifier.c:20027:bpf_compute_postorder": [
        0.00562672680359301,
        0.00562672680359301,
        {}
      ],
      "kernel/bpf/verifier.c:20047:sort_subprogs_topo": [
        0.0029160538217488006,
        0.0029160538217488006,
        {}
      ],
      "kernel/bpf/verifier.c:20059:mark_fastcall_patterns": [
        0.0027277880518362593,
        0.0027277880518362593,
        {}
      ],
      "kernel/bpf/verifier.c:20099:bpf_convert_ctx_accesses": [
        0.002548374904333398,
        0.002548374904333398,
        {}
      ],
      "kernel/bpf/verifier.c:20079:check_max_stack_depth": [
        0.001995971265969327,
        0.001995971265969327,
        {}
      ],
      "kernel/bpf/verifier.c:20108:bpf_opt_subreg_zext_lo32_rnd_hi32": [
        0.0019918400421781424,
        0.0019918400421781424,
        {}
      ],
      "kernel/bpf/verifier.c:20005:check_subprogs": [
        0.0019369537832381225,
        0.0019369537832381225,
        {}
      ],
      "kernel/bpf/verifier.c:20043:bpf_prune_dead_branches": [
        0.001705605250931802,
        0.001705605250931802,
        {}
      ],
      "kernel/bpf/verifier.c:20076:bpf_remove_fastcall_spills_fills": [
        0.0016147183275257474,
        0.0016147183275257474,
        {}
      ],
      "kernel/bpf/verifier.c:20087:bpf_opt_hard_wire_dead_code_branches": [
        0.0013072372424961735,
        0.0013072372424961735,
        {}
      ],
      "kernel/bpf/verifier.c:20035:check_attach_btf_id": [
        0.0011419882908488017,
        0.0011419882908488017,
        {}
      ],
      "kernel/bpf/verifier.c:20083:bpf_optimize_bpf_loop": [
        0.0008852622409680634,
        0.0008852622409680634,
        {}
      ],
      "kernel/bpf/verifier.c:19997:bpf_check_btf_info_early": [
        0.0008197528351364267,
        0.0008197528351364267,
        {}
      ],
      "kernel/bpf/verifier.c:20089:bpf_opt_remove_dead_code": [
        0.000809719863072122,
        0.000809719863072122,
        {}
      ],
      "kernel/bpf/verifier.c:20031:bpf_stack_liveness_init": [
        0.0007294560865576842,
        0.0007294560865576842,
        {}
      ],
      "kernel/bpf/verifier.c:20091:bpf_opt_remove_nops": [
        0.00046918898771307354,
        0.00046918898771307354,
        {}
      ],
      "kernel/bpf/verifier.c:20064:do_check_subprogs": [
        0.000181773846812109,
        0.000181773846812109,
        {}
      ],
      "kernel/bpf/verifier.c:20114:bpf_fixup_call_args": [
        0.00011508409132584822,
        0.00011508409132584822,
        {}
      ],
      "kernel/bpf/verifier.c:20066:bpf_prog_is_offloaded": [
        9.324762271530267e-05,
        9.324762271530267e-05,
        {}
      ],
      "kernel/bpf/verifier.c:20107:bpf_prog_is_offloaded": [
        9.265744788799062e-05,
        9.265744788799062e-05,
        {}
      ],
      "kernel/bpf/verifier.c:20017:bpf_prog_is_offloaded": [
        8.67556996148702e-05,
        8.67556996148702e-05,
        {}
      ]
    },
    "durations_per_insn_type": {
      "and": [
        1,
        4362329,
        4362329.0
      ],
      "jeq32": [
        11,
        24931789,
        2266526.272727273
      ],
      "jne": [
        13,
        7444315,
        572639.6153846154
      ],
      "goto": [
        17,
        9265550,
        545032.3529411765
      ],
      "add": [
        35,
        17629148,
        503689.9428571428
      ],