{
  "program_name": "selftest_test_profiler_9",
  "verification_stats": {
    "subprog_cnt": 1,
    "insn_processed": 2108,
    "complexity_limit_insns": 1000000,
    "max_states_per_insn": 4,
    "total_states": 170,
    "peak_states": 169,
    "longest_mark_read_walk": 0
  },
  "stats": {
    "verification_time": 10763577,
    "program_length": 1282,
    "num_records": 5345,
    "num_record_sites": 44,
    "site_tree": {
      "kernel/bpf/verifier.c:20063:do_check_main": [
        53.068882212669635,
        53.068882212669635,
        {
          "kernel/bpf/verifier.c:18807:do_check": [
            49.939522892807844,
            94.1032122980825,
            {
              "kernel/bpf/verifier.c:17790:do_check_insn": [
                21.651770596336142,
                43.35598208018598,
                {
                  "kernel/bpf/verifier.c:17642:check_cond_jmp_op": [
                    5.350219541329058,
                    24.7103095680979,
                    {}
                  ],
                  "kernel/bpf/verifier.c:17578:check_alu_op": [
                    3.143620378244147,
                    14.518999101053206,
                    {}
                  ],
                  "kernel/bpf/verifier.c:17629:check_helper_call": [
                    2.271698339687634,
                    10.491974915308056,
                    {}
                  ],
                  "kernel/bpf/verifier.c:17583:check_load_mem": [
                    1.4828992257871152,
                    6.848858938298781,
                    {}
                  ],
                  "kernel/bpf/verifier.c:17588:check_store_reg": [
                    0.45268408448232406,
                    2.090748571661507,
                    {}
                  ],
                  "kernel/bpf/verifier.c:17651:check_ld_imm": [
                    0.0604074277538034,
                    0.2789953250475755,
                    {}
                  ],
                  "kernel/bpf/verifier.c:17640:process_bpf_exit_full": [
                    0.01083283001552365,
                    0.05003207459327485,
                    {}
                  ]
                }
              ],
              "kernel/bpf/verifier.c:17703:bpf_is_state_visited": [
                15.604533697301557,
                31.246861790801926,
                {
                  "kernel/bpf/states.c:1370:states_equal": [
                    2.991524100213154,
                    19.170865071927583,
                    {
                      "kernel/bpf/states.c:967:refsafe": [
                        0.45211735838374173,
                        15.113278156493113,
                        {}
                      ]
                    }
                  ],
                  "kernel/bpf/states.c:1382:propagate_precision": [
                    1.0439930889145865,
                    6.6903190391079805,
                    {}
                  ]
                }
              ]
            }
          ],
          "kernel/bpf/verifier.c:18798:18708": [
            0.04109228744310558,
            0.07743198222723302,
            {}
          ]
        }
      ],
      "kernel/bpf/verifier.c:20055:bpf_compute_live_registers": [
        37.87889472059335,
        37.87889472059335,
        {}
      ],
      "kernel/bpf/verifier.c:20039:bpf_compute_const_regs": [
        1.5553565510796272,
        1.5553565510796272,
        {}
      ],
      "kernel/bpf/verifier.c:20023:bpf_check_cfg": [
        1.0189828158427259,
        1.0189828158427259,
        {}
      ],
      "kernel/bpf/verifier.c:20102:bpf_do_misc_fixups": [
        0.9975029676472793,
        0.9975029676472793,
        {}
      ],
      "kernel/bpf/verifier.c:20009:bpf_check_btf_info": [
        0.7048771983514402,
        0.7048771983514402,
        {}
      ],
      "kernel/bpf/verifier.c:20091:bpf_opt_remove_nops": [
        0.45158779465227966,
        0.45158779465227966,
        {}
      ],
      "kernel/bpf/verifier.c:20059:mark_fastcall_patterns": [
        0.38436107253192875,
        0.38436107253192875,
        {}
      ],
      "kernel/bpf/verifier.c:20051:bpf_compute_scc": [
        0.3542038116139272,
        0.3542038116139272,
        {}
      ],
      "kernel/bpf/verifier.c:20013:check_and_resolve_insns": [
        0.3381403784262425,
        0.3381403784262425,
        {}
      ],
      "kernel/bpf/verifier.c:20043:bpf_prune_dead_branches": [
        0.25702422159473565,
        0.25702422159473565,
        {}
      ],
      "kernel/bpf/verifier.c:20089:bpf_opt_remove_dead_code": [
        0.24042193408380877,
        0.24042193408380877,
        {}
      ],
      "kernel/bpf/verifier.c:20027:bpf_compute_postorder": [
        0.20264638790617653,
        0.20264638790617653,
        {}
      ],
      "kernel/bpf/verifier.c:20108:bpf_opt_subreg_zext_lo32_rnd_hi32": [
        0.0793416538015197,
        0.0793416538015197,
        {}
      ],
      "kernel/bpf/verifier.c:20099:bpf_convert_ctx_accesses": [
        0.07648944212504821,
        0.07648944212504821,
        {}
      ],
      "kernel/bpf/verifier.c:20001:add_subprog_and_kfunc": [
        0.06590745808758557,
        0.06590745808758557,
        {}
      ],
      "kernel/bpf/verifier.c:20005:check_subprogs": [
        0.062293417885151,
        0.062293417885151,
        {}
      ],
      "kernel/bpf/verifier.c:20047:sort_subprogs_topo": [
        0.051209741891566345,
        0.051209741891566345,
        {}
      ],
      "kernel/bpf/verifier.c:20079:check_max_stack_depth": [
        0.04507795131674164,
        0.04507795131674164,
        {}
      ],
      "kernel/bpf/verifier.c:20087:bpf_opt_hard_wire_dead_code_branches": [
        0.04074853554724419,
        0.04074853554724419,
        {}
      ],
      "kernel/bpf/verifier.c:20083:bpf_optimize_bpf_loop": [
        0.03747824724067102,
        0.03747824724067102,
        {}
      ],
      "kernel/bpf/verifier.c:20076:bpf_remove_fastcall_spills_fills": [
        0.03337180567389447,
        0.03337180567389447,
        {}
      ],
      "kernel/bpf/verifier.c:19997:bpf_check_btf_info_early": [
        0.015217989335701319,
        0.015217989335701319,
        {}
      ],
      "kernel/bpf/verifier.c:20031:bpf_stack_liveness_init": [
        0.013675751100215103,
        0.013675751100215103,
        {}
      ],
      "kernel/bpf/verifier.c:20114:bpf_fixup_call_args": [
        0.0022111608436489096,
        0.0022111608436489096,
        {}
      ],
      "kernel/bpf/verifier.c:20035:check_attach_btf_id": [
        0.002071801966948348,
        0.002071801966948348,
        {}
      ],
      "kernel/bpf/verifier.c:20064:do_check_subprogs": [
        0.0018116653971072998,
        0.0018116653971072998,
        {}
      ],
      "kernel/bpf/verifier.c:20066:bpf_prog_is_offloaded": [
        0.0014400417259058025,
        0.0014400417259058025,
        {}
      ],
      "kernel/bpf/verifier.c:20107:bpf_prog_is_offloaded": [
        0.0014214605423457276,
        0.0014214605423457276,
        {}
      ],
      "kernel/bpf/verifier.c:20017:bpf_prog_is_offloaded": [
        0.0014121699505656902,
        0.0014121699505656902,
        {}
      ]
    },
    "durations_per_insn_type": {
      "jlt": [
        5,
        153424,
        30684.8
      ],
      "jgt": [
        13,
        268800,
        20676.923076923078
      ],
      "jeq": [
        30,
        371722,
        12390.733333333334
      ],
      "call bpf_perf_event_output": [
        1,
        11669,
        11669.0
      ],
      "jne": [
        14,
        148141,
        10581.5
      ],
      "jne32": [
        5,
        43589,
        8717.8
      ],
      "call bpf_get_smp_processor_id": [
        1,
        8518,
        8518.0
      ],
      "stx": [
        56,
        347289,
        6201.589285714285
      ],
      "jeq32": [
        17,
        72455,
        4262.058823529412
      ],