{
  "program_name": "selftest_bpf_iter_13",
  "verification_stats": {
    "subprog_cnt": 1,
    "insn_processed": 85521,
    "complexity_limit_insns": 1000000,
    "max_states_per_insn": 8,
    "total_states": 1049,
    "peak_states": 1031,
    "longest_mark_read_walk": 0
  },
  "stats": {
    "verification_time": 162615803,
    "program_length": 448,
    "num_records": 206430,
    "num_record_sites": 45,
    "site_tree": {
      "kernel/bpf/verifier.c:20063:do_check_main": [
        98.9972555127376,
        98.9972555127376,
        {
          "kernel/bpf/verifier.c:18807:do_check": [
            98.93014087935845,
            99.93220556162741,
            {
              "kernel/bpf/verifier.c:17790:do_check_insn": [
                51.600331242099514,
                52.15835212953367,
                {
                  "kernel/bpf/verifier.c:17642:check_cond_jmp_op": [
                    16.74969314021713,
                    32.46043724337847,
                    {}
                  ],
                  "kernel/bpf/verifier.c:17578:check_alu_op": [
                    8.010276836378566,
                    15.523692665451664,
                    {}
                  ],
                  "kernel/bpf/verifier.c:17588:check_store_reg": [
                    2.5254931711649204,
                    4.894335191988901,
                    {}
                  ],
                  "kernel/bpf/verifier.c:17651:check_ld_imm": [
                    1.7848203842771664,
                    3.4589320287559957,
                    {}
                  ],
                  "kernel/bpf/verifier.c:17583:check_load_mem": [
                    1.1143732445240884,
                    2.159624207247137,
                    {}
                  ],
                  "kernel/bpf/verifier.c:17629:check_helper_call": [
                    0.018784152238881725,
                    0.03640316212457988,
                    {}
                  ],
                  "kernel/bpf/verifier.c:17628:check_kfunc_call": [
                    0.018344465574480485,
                    0.03555106165580902,
                    {}
                  ],
                  "kernel/bpf/verifier.c:17640:process_bpf_exit_full": [
                    0.0009439426990991768,
                    0.0018293345728157568,
                    {}
                  ]
                }
              ],
              "kernel/bpf/verifier.c:17703:bpf_is_state_visited": [
                18.288946370113855,
                18.48672831914445,
                {
                  "kernel/bpf/states.c:1370:states_equal": [
                    4.025030088865349,
                    22.007993284089284,
                    {
                      "kernel/bpf/states.c:967:refsafe": [
                        0.7203365099762168,
                        17.896425469437393,
                        {}
                      ]
                    }
                  ],
                  "kernel/bpf/states.c:1382:propagate_precision": [
                    0.6689423659519733,
                    3.657632060450997,
                    {}
                  ]
                }
              ]
            }
          ],
          "kernel/bpf/verifier.c:18798:18708": [
            0.0011216622040110087,
            0.001133023535048089,
            {}
          ]
        }
      ],
      "kernel/bpf/verifier.c:20055:bpf_compute_live_registers": [
        0.7797058936516766,
        0.7797058936516766,
        {}
      ],
      "kernel/bpf/verifier.c:20039:bpf_compute_const_regs": [
        0.05163028343561418,
        0.05163028343561418,
        {}
      ],
      "kernel/bpf/verifier.c:20009:bpf_check_btf_info": [
        0.016176164625279377,
        0.016176164625279377,
        {}
      ],
      "kernel/bpf/verifier.c:20013:check_and_resolve_insns": [
        0.013876880096333564,
        0.013876880096333564,
        {}
      ],
      "kernel/bpf/verifier.c:20023:bpf_check_cfg": [
        0.013597694438098367,
        0.013597694438098367,
        {}
      ],
      "kernel/bpf/verifier.c:20001:add_subprog_and_kfunc": [
        0.012669740344977419,
        0.012669740344977419,
        {}
      ],
      "kernel/bpf/verifier.c:20051:bpf_compute_scc": [
        0.011762694428904921,
        0.011762694428904921,
        {}
      ],
      "kernel/bpf/verifier.c:20102:bpf_do_misc_fixups": [
        0.008205844545133168,
        0.008205844545133168,
        {}
      ],
      "kernel/bpf/verifier.c:20027:bpf_compute_postorder": [
        0.006004336491208053,
        0.006004336491208053,
        {}
      ],
      "kernel/bpf/verifier.c:20059:mark_fastcall_patterns": [
        0.00276541388784951,
        0.00276541388784951,
        {}
      ],
      "kernel/bpf/verifier.c:20099:bpf_convert_ctx_accesses": [
        0.002727287212055276,
        0.002727287212055276,
        {}
      ],
      "kernel/bpf/verifier.c:20047:sort_subprogs_topo": [
        0.0027254423729039423,
        0.0027254423729039423,
        {}
      ],
      "kernel/bpf/verifier.c:20108:bpf_opt_subreg_zext_lo32_rnd_hi32": [
        0.002304819046399814,
        0.002304819046399814,
        {}
      ],
      "kernel/bpf/verifier.c:20079:check_max_stack_depth": [
        0.002178755037725331,
        0.002178755037725331,
        {}
      ],
      "kernel/bpf/verifier.c:20076:bpf_remove_fastcall_spills_fills": [
        0.001962293910635487,
        0.001962293910635487,
        {}
      ],
      "kernel/bpf/verifier.c:20005:check_subprogs": [
        0.001960449071484153,
        0.001960449071484153,
        {}
      ],
      "kernel/bpf/verifier.c:20043:bpf_prune_dead_branches": [
        0.0017040164294487418,
        0.0017040164294487418,
        {}
      ],
      "kernel/bpf/verifier.c:20087:bpf_opt_hard_wire_dead_code_branches": [
        0.0013528820443115238,
        0.0013528820443115238,
        {}
      ],
      "kernel/bpf/verifier.c:20035:check_attach_btf_id": [
        0.0010349547638983155,
        0.0010349547638983155,
        {}
      ],
      "kernel/bpf/verifier.c:20083:bpf_optimize_bpf_loop": [
        0.0009131953799102785,
        0.0009131953799102785,
        {}
      ],
      "kernel/bpf/verifier.c:20031:bpf_stack_liveness_init": [
        0.0008037349235978006,
        0.0008037349235978006,
        {}
      ],
      "kernel/bpf/verifier.c:19997:bpf_check_btf_info_early": [
        0.0007859014784682397,
        0.0007859014784682397,
        {}
      ],
      "kernel/bpf/verifier.c:20089:bpf_opt_remove_dead_code": [
        0.0006881250034475432,
        0.0006881250034475432,
        {}
      ],
      "kernel/bpf/verifier.c:20091:bpf_opt_remove_nops": [
        0.00048519269680081465,
        0.00048519269680081465,
        {}
      ],
      "kernel/bpf/verifier.c:20064:do_check_subprogs": [
        0.00017464477299294215,
        0.00017464477299294215,
        {}
      ],
      "kernel/bpf/verifier.c:20114:bpf_fixup_call_args": [
        0.0001395928291175981,
        0.0001395928291175981,
        {}
      ],
      "kernel/bpf/verifier.c:20066:bpf_prog_is_offloaded": [
        9.531668948558463e-05,
        9.531668948558463e-05,
        {}
      ],
      "kernel/bpf/verifier.c:20017:bpf_prog_is_offloaded": [
        9.408679671802869e-05,
        9.408679671802869e-05,
        {}
      ],
      "kernel/bpf/verifier.c:20107:bpf_prog_is_offloaded": [
        9.347185033425073e-05,
        9.347185033425073e-05,
        {}
      ]
    },
    "durations_per_insn_type": {
      "and": [
        1,
        4170940,
        4170940.0
      ],
      "jeq32": [
        11,
        24287477,
        2207952.4545454546
      ],
      "jne": [
        13,
        7137906,
        549069.6923076923
      ],
      "goto": [
        17,
        8751787,
        514811.0
      ],
      "add": [
        35,
        16680612,
        476588.9142857143
      ],