{
  "program_name": "selftest_btf_101",
  "verification_stats": {
    "subprog_cnt": 1,
    "insn_processed": 18152,
    "complexity_limit_insns": 1000000,
    "max_states_per_insn": 4,
    "total_states": 629,
    "peak_states": 623,
    "longest_mark_read_walk": 0
  },
  "stats": {
    "verification_time": 61984315,
    "program_length": 4350,
    "num_records": 43397,
    "num_record_sites": 44,
    "site_tree": {
      "kernel/bpf/verifier.c:20063:do_check_main": [
        67.48371906667033,
        67.48371906667033,
        {
          "kernel/bpf/verifier.c:18807:do_check": [
            65.52934560944973,
            97.10393338682212,
            {
              "kernel/bpf/verifier.c:17790:do_check_insn": [
                37.625342798416014,
                57.41754697606839,
                {
                  "kernel/bpf/verifier.c:17642:check_cond_jmp_op": [
                    9.496312091212108,
                    25.239137732485702,
                    {}
                  ],
                  "kernel/bpf/verifier.c:17578:check_alu_op": [
                    5.4154200139180375,
                    14.393011760536092,
                    {}
                  ],
                  "kernel/bpf/verifier.c:17583:check_load_mem": [
                    1.4194897531738473,
                    3.7726958682582588,
                    {}
                  ],
                  "kernel/bpf/verifier.c:17629:check_helper_call": [
                    1.1737888851397327,
                    3.1196762549872306,
                    {}
                  ],
                  "kernel/bpf/verifier.c:17651:check_ld_imm": [
                    0.8244908409490369,
                    2.1913178183289457,
                    {}
                  ],
                  "kernel/bpf/verifier.c:17588:check_store_reg": [
                    0.3248805766426555,
                    0.8634621042079451,
                    {}
                  ],
                  "kernel/bpf/verifier.c:17640:process_bpf_exit_full": [
                    0.0009486270841260406,
                    0.0025212450268120258,
                    {}
                  ]
                }
              ],
              "kernel/bpf/verifier.c:17703:bpf_is_state_visited": [
                9.894946810334195,
                15.100023841695867,
                {
                  "kernel/bpf/states.c:1370:states_equal": [
                    1.2341638364479788,
                    12.472667717213286,
                    {
                      "kernel/bpf/states.c:967:refsafe": [
                        0.31695437789382686,
                        25.68171003989605,
                        {}
                      ]
                    }
                  ],
                  "kernel/bpf/states.c:1382:propagate_precision": [
                    0.3771631581312143,
                    3.8116744370703284,
                    {}
                  ]
                }
              ]
            }
          ],
          "kernel/bpf/verifier.c:18798:18708": [
            0.0037557888636826913,
            0.0055654740367408785,
            {}
          ]
        }
      ],
      "kernel/bpf/verifier.c:20055:bpf_compute_live_registers": [
        21.11724232170671,
        21.11724232170671,
        {}
      ],
      "kernel/bpf/verifier.c:20091:bpf_opt_remove_nops": [
        2.7779092178400293,
        2.7779092178400293,
        {}
      ],
      "kernel/bpf/verifier.c:20102:bpf_do_misc_fixups": [
        2.3344228293883704,
        2.3344228293883704,
        {}
      ],
      "kernel/bpf/verifier.c:20023:bpf_check_cfg": [
        2.217280290989745,
        2.217280290989745,
        {}
      ],
      "kernel/bpf/verifier.c:20039:bpf_compute_const_regs": [
        1.2805336317744256,
        1.2805336317744256,
        {}
      ],
      "kernel/bpf/verifier.c:20009:bpf_check_btf_info": [
        0.5729755987462312,
        0.5729755987462312,
        {}
      ],
      "kernel/bpf/verifier.c:20013:check_and_resolve_insns": [
        0.2817002978898775,
        0.2817002978898775,
        {}
      ],
      "kernel/bpf/verifier.c:20051:bpf_compute_scc": [
        0.16722617649319832,
        0.16722617649319832,
        {}
      ],
      "kernel/bpf/verifier.c:20089:bpf_opt_remove_dead_code": [
        0.1339193633098954,
        0.1339193633098954,
        {}
      ],
      "kernel/bpf/verifier.c:20027:bpf_compute_postorder": [
        0.12332797418185552,
        0.12332797418185552,
        {}
      ],
      "kernel/bpf/verifier.c:20043:bpf_prune_dead_branches": [
        0.11243650913944922,
        0.11243650913944922,
        {}
      ],
      "kernel/bpf/verifier.c:20059:mark_fastcall_patterns": [
        0.10004950445931361,
        0.10004950445931361,
        {}
      ],
      "kernel/bpf/verifier.c:20108:bpf_opt_subreg_zext_lo32_rnd_hi32": [
        0.07475116890458497,
        0.07475116890458497,
        {}
      ],
      "kernel/bpf/verifier.c:20099:bpf_convert_ctx_accesses": [
        0.0335278368406588,
        0.0335278368406588,
        {}
      ],
      "kernel/bpf/verifier.c:20005:check_subprogs": [
        0.031338573314878125,
        0.031338573314878125,
        {}
      ],
      "kernel/bpf/verifier.c:20076:bpf_remove_fastcall_spills_fills": [
        0.02474012982155244,
        0.02474012982155244,
        {}
      ],
      "kernel/bpf/verifier.c:20079:check_max_stack_depth": [
        0.01953236072706458,
        0.01953236072706458,
        {}
      ],
      "kernel/bpf/verifier.c:20035:check_attach_btf_id": [
        0.0190354608258557,
        0.0190354608258557,
        {}
      ],
      "kernel/bpf/verifier.c:20001:add_subprog_and_kfunc": [
        0.01743666926060246,
        0.01743666926060246,
        {}
      ],
      "kernel/bpf/verifier.c:20047:sort_subprogs_topo": [
        0.016705839211097192,
        0.016705839211097192,
        {}
      ],
      "kernel/bpf/verifier.c:20087:bpf_opt_hard_wire_dead_code_branches": [
        0.0153635641532862,
        0.0153635641532862,
        {}
      ],
      "kernel/bpf/verifier.c:20083:bpf_optimize_bpf_loop": [
        0.014345564680355022,
        0.014345564680355022,
        {}
      ],
      "kernel/bpf/verifier.c:20031:bpf_stack_liveness_init": [
        0.004467259176777222,
        0.004467259176777222,
        {}
      ],
      "kernel/bpf/verifier.c:19997:bpf_check_btf_info_early": [
        0.0033589142672626133,
        0.0033589142672626133,
        {}
      ],
      "kernel/bpf/verifier.c:20114:bpf_fixup_call_args": [
        0.0005259395058249816,
        0.0005259395058249816,
        {}
      ],
      "kernel/bpf/verifier.c:20064:do_check_subprogs": [
        0.00037590154864178136,
        0.00037590154864178136,
        {}
      ],
      "kernel/bpf/verifier.c:20107:bpf_prog_is_offloaded": [
        0.0002887827347934716,
        0.0002887827347934716,
        {}
      ],
      "kernel/bpf/verifier.c:20017:bpf_prog_is_offloaded": [
        0.00026942299838273603,
        0.00026942299838273603,
        {}
      ],
      "kernel/bpf/verifier.c:20066:bpf_prog_is_offloaded": [
        0.0002549031960746844,
        0.0002549031960746844,
        {}
      ]
    },
    "durations_per_insn_type": {
      "jne32": [
        63,
        5183778,
        82282.19047619047
      ],
      "sub": [
        45,
        2542303,
        56495.62222222222
      ],
      "call bpf_trace_printk": [
        111,
        4503948,
        40576.10810810811
      ],
      "jlt": [
        3,
        56785,
        18928.333333333332
      ],
      "jgt": [
        42,
        670893,
        15973.642857142857
      ],
      "jeq32": [
        93,
        1453350,
        15627.41935483871
      ],
      "add": [
        404,
        4649880,
        11509.60396039604
      ],
      "jsgt": [
        6,
        51950,
        8658.333333333334
      ],