{
  "program_name": "selftest_snprintf_btf-5",
  "verification_stats": {
    "subprog_cnt": 1,
    "insn_processed": 18152,
    "complexity_limit_insns": 1000000,
    "max_states_per_insn": 4,
    "total_states": 629,
    "peak_states": 623,
    "longest_mark_read_walk": 0
  },
  "stats": {
    "verification_time": 42455349,
    "program_length": 4350,
    "num_records": 43397,
    "num_record_sites": 44,
    "site_tree": {
      "kernel/bpf/verifier.c:20063:do_check_main": [
        57.452152848867165,
        57.452152848867165,
        {
          "kernel/bpf/verifier.c:18807:do_check": [
            56.34363057526627,
            98.07052961702415,
            {
              "kernel/bpf/verifier.c:17790:do_check_insn": [
                36.32965542221782,
                64.47872643507964,
                {
                  "kernel/bpf/verifier.c:17642:check_cond_jmp_op": [
                    8.220766245497122,
                    22.628252731705288,
                    {}
                  ],
                  "kernel/bpf/verifier.c:17578:check_alu_op": [
                    6.582949064910524,
                    18.120042671488278,
                    {}
                  ],
                  "kernel/bpf/verifier.c:17583:check_load_mem": [
                    1.6167998053672812,
                    4.450358217211465,
                    {}
                  ],
                  "kernel/bpf/verifier.c:17629:check_helper_call": [
                    1.0111870709153752,
                    2.7833654329046347,
                    {}
                  ],
                  "kernel/bpf/verifier.c:17651:check_ld_imm": [
                    0.7200953641907407,
                    1.9821144897244416,
                    {}
                  ],
                  "kernel/bpf/verifier.c:17588:check_store_reg": [
                    0.29743248606906986,
                    0.8187043962084254,
                    {}
                  ],
                  "kernel/bpf/verifier.c:17640:process_bpf_exit_full": [
                    0.00132374368186209,
                    0.003643700074987607,
                    {}
                  ]
                }
              ],
              "kernel/bpf/verifier.c:17703:bpf_is_state_visited": [
                7.9705268704774985,
                14.146278450818187,
                {
                  "kernel/bpf/states.c:1370:states_equal": [
                    1.0780031510281542,
                    13.52486690711794,
                    {
                      "kernel/bpf/states.c:967:refsafe": [
                        0.32410285921804577,
                        30.065112417243867,
                        {}
                      ]
                    }
                  ],
                  "kernel/bpf/states.c:1382:propagate_precision": [
                    0.31556918776006293,
                    3.959201102864581,
                    {}
                  ]
                }
              ]
            }
          ],
          "kernel/bpf/verifier.c:18798:18708": [
            0.006055774032148458,
            0.010540551975621683,
            {}
          ]
        }
      ],
      "kernel/bpf/verifier.c:20055:bpf_compute_live_registers": [
        31.604465199426347,
        31.604465199426347,
        {}
      ],
      "kernel/bpf/verifier.c:20091:bpf_opt_remove_nops": [
        4.022743989220298,
        4.022743989220298,
        {}
      ],
      "kernel/bpf/verifier.c:20039:bpf_compute_const_regs": [
        1.4836787703711962,
        1.4836787703711962,
        {}
      ],
      "kernel/bpf/verifier.c:20102:bpf_do_misc_fixups": [
        1.3418403414844147,
        1.3418403414844147,
        {}
      ],
      "kernel/bpf/verifier.c:20023:bpf_check_cfg": [
        0.7173065518787751,
        0.7173065518787751,
        {}
      ],
      "kernel/bpf/verifier.c:20013:check_and_resolve_insns": [
        0.26961973625514185,
        0.26961973625514185,
        {}
      ],
      "kernel/bpf/verifier.c:20009:bpf_check_btf_info": [
        0.26643285867229594,
        0.26643285867229594,
        {}
      ],
      "kernel/bpf/verifier.c:20051:bpf_compute_scc": [
        0.2625134467743982,
        0.2625134467743982,
        {}
      ],
      "kernel/bpf/verifier.c:20027:bpf_compute_postorder": [
        0.2588672631097674,
        0.2588672631097674,
        {}
      ],
      "kernel/bpf/verifier.c:20089:bpf_opt_remove_dead_code": [
        0.1951980185111657,
        0.1951980185111657,
        {}
      ],
      "kernel/bpf/verifier.c:20043:bpf_prune_dead_branches": [
        0.1821301716304346,
        0.1821301716304346,
        {}
      ],
      "kernel/bpf/verifier.c:20035:check_attach_btf_id": [
        0.1214570159345528,
        0.1214570159345528,
        {}
      ],
      "kernel/bpf/verifier.c:20059:mark_fastcall_patterns": [
        0.1094420399182209,
        0.1094420399182209,
        {}
      ],
      "kernel/bpf/verifier.c:20099:bpf_convert_ctx_accesses": [
        0.04804812698630743,
        0.04804812698630743,
        {}
      ],
      "kernel/bpf/verifier.c:20005:check_subprogs": [
        0.04520042927924111,
        0.04520042927924111,
        {}
      ],
      "kernel/bpf/verifier.c:20108:bpf_opt_subreg_zext_lo32_rnd_hi32": [
        0.037853887386486915,
        0.037853887386486915,
        {}
      ],
      "kernel/bpf/verifier.c:20076:bpf_remove_fastcall_spills_fills": [
        0.035211110854370786,
        0.035211110854370786,
        {}
      ],
      "kernel/bpf/verifier.c:20079:check_max_stack_depth": [
        0.026390078668296894,
        0.026390078668296894,
        {}
      ],
      "kernel/bpf/verifier.c:20001:add_subprog_and_kfunc": [
        0.024590540994021744,
        0.024590540994021744,
        {}
      ],
      "kernel/bpf/verifier.c:20083:bpf_optimize_bpf_loop": [
        0.0197760710905945,
        0.0197760710905945,
        {}
      ],
      "kernel/bpf/verifier.c:20047:sort_subprogs_topo": [
        0.019458089957051113,
        0.019458089957051113,
        {}
      ],
      "kernel/bpf/verifier.c:20087:bpf_opt_hard_wire_dead_code_branches": [
        0.019177795476372127,
        0.019177795476372127,
        {}
      ],
      "kernel/bpf/verifier.c:20031:bpf_stack_liveness_init": [
        0.003888791492445392,
        0.003888791492445392,
        {}
      ],
      "kernel/bpf/verifier.c:19997:bpf_check_btf_info_early": [
        0.0026309994530960045,
        0.0026309994530960045,
        {}
      ],
      "kernel/bpf/verifier.c:20114:bpf_fixup_call_args": [
        0.0005158360610814905,
        0.0005158360610814905,
        {}
      ],
      "kernel/bpf/verifier.c:20064:do_check_subprogs": [
        0.00041926401311646264,
        0.00041926401311646264,
        {}
      ],
      "kernel/bpf/verifier.c:20017:bpf_prog_is_offloaded": [
        0.00021669825397030654,
        0.00021669825397030654,
        {}
      ],
      "kernel/bpf/verifier.c:20107:bpf_prog_is_offloaded": [
        0.0001884332643220057,
        0.0001884332643220057,
        {}
      ],
      "kernel/bpf/verifier.c:20066:bpf_prog_is_offloaded": [
        0.00018607784851798064,
        0.00018607784851798064,
        {}
      ]
    },
    "durations_per_insn_type": {
      "jne32": [
        63,
        2737766,
        43456.60317460317
      ],
      "call bpf_trace_printk": [
        111,
        3828912,
        34494.7027027027
      ],
      "sub": [
        45,
        1508802,
        33528.933333333334
      ],
      "jlt": [
        3,
        38461,
        12820.333333333334
      ],
      "jeq32": [
        93,
        908501,
        9768.827956989247
      ],
      "jgt": [
        42,
        381223,
        9076.738095238095
      ],
      "add": [
        404,
        3244156,
        8030.089108910891
      ],
      "jne": [
        52,
        191800,
        3688.4615384615386
      ],