{
  "program_name": "selftest_test_bpf_ma_7",
  "verification_stats": {
    "subprog_cnt": 1,
    "insn_processed": 97956,
    "complexity_limit_insns": 1000000,
    "max_states_per_insn": 11,
    "total_states": 4857,
    "peak_states": 451,
    "longest_mark_read_walk": 0
  },
  "stats": {
    "verification_time": 279081414,
    "program_length": 475,
    "num_records": 305982,
    "num_record_sites": 45,
    "site_tree": {
      "kernel/bpf/verifier.c:20063:do_check_main": [
        99.02141888961476,
        99.02141888961476,
        {
          "kernel/bpf/verifier.c:18807:do_check": [
            98.74257194354045,
            99.71839734352307,
            {
              "kernel/bpf/verifier.c:17790:do_check_insn": [
                39.07092000042683,
                39.5684649806033,
                {
                  "kernel/bpf/verifier.c:17642:check_cond_jmp_op": [
                    15.62261863844505,
                    39.98528480587195,
                    {}
                  ],
                  "kernel/bpf/verifier.c:17578:check_alu_op": [
                    3.3219861785564837,
                    8.5024518965005,
                    {}
                  ],
                  "kernel/bpf/verifier.c:17628:check_kfunc_call": [
                    2.717950970393177,
                    6.9564550063409945,
                    {}
                  ],
                  "kernel/bpf/verifier.c:17629:check_helper_call": [
                    1.722613459311196,
                    4.408940099932065,
                    {}
                  ],
                  "kernel/bpf/verifier.c:17588:check_store_reg": [
                    0.5870820906762354,
                    1.5026062623296863,
                    {}
                  ],
                  "kernel/bpf/verifier.c:17651:check_ld_imm": [
                    0.47563074193109833,
                    1.2173522966080712,
                    {}
                  ],
                  "kernel/bpf/verifier.c:17583:check_load_mem": [
                    0.3123558059656384,
                    0.7994585383764347,
                    {}
                  ],
                  "kernel/bpf/verifier.c:17640:process_bpf_exit_full": [
                    0.00024867295534055164,
                    0.0006364655742373996,
                    {}
                  ]
                }
              ],
              "kernel/bpf/verifier.c:17703:bpf_is_state_visited": [
                31.38363846759068,
                31.783290479343982,
                {
                  "kernel/bpf/states.c:1370:states_equal": [
                    9.749020405923556,
                    31.06402215278893,
                    {
                      "kernel/bpf/states.c:967:refsafe": [
                        2.348116954861064,
                        24.085670735024166,
                        {}
                      ]
                    }
                  ],
                  "kernel/bpf/states.c:1382:propagate_precision": [
                    1.1930253442101306,
                    3.8014245717307333,
                    {}
                  ]
                }
              ]
            }
          ],
          "kernel/bpf/verifier.c:18798:18708": [
            0.0006220407067308323,
            0.0006281880361906943,
            {}
          ]
        }
      ],
      "kernel/bpf/verifier.c:20055:bpf_compute_live_registers": [
        0.5819771287241651,
        0.5819771287241651,
        {}
      ],
      "kernel/bpf/verifier.c:20102:bpf_do_misc_fixups": [
        0.18921897822977204,
        0.18921897822977204,
        {}
      ],
      "kernel/bpf/verifier.c:20039:bpf_compute_const_regs": [
        0.03357514879152791,
        0.03357514879152791,
        {}
      ],
      "kernel/bpf/verifier.c:20023:bpf_check_cfg": [
        0.017180649658024162,
        0.017180649658024162,
        {}
      ],
      "kernel/bpf/verifier.c:20009:bpf_check_btf_info": [
        0.012779425003199962,
        0.012779425003199962,
        {}
      ],
      "kernel/bpf/verifier.c:20001:add_subprog_and_kfunc": [
        0.012551534513867698,
        0.012551534513867698,
        {}
      ],
      "kernel/bpf/verifier.c:20013:check_and_resolve_insns": [
        0.007669804912196697,
        0.007669804912196697,
        {}
      ],
      "kernel/bpf/verifier.c:20051:bpf_compute_scc": [
        0.006629606656643928,
        0.006629606656643928,
        {}
      ],
      "kernel/bpf/verifier.c:20035:check_attach_btf_id": [
        0.0061598512611807255,
        0.0061598512611807255,
        {}
      ],
      "kernel/bpf/verifier.c:20059:mark_fastcall_patterns": [
        0.005490154209982611,
        0.005490154209982611,
        {}
      ],
      "kernel/bpf/verifier.c:20027:bpf_compute_postorder": [
        0.003590350162121509,
        0.003590350162121509,
        {}
      ],
      "kernel/bpf/verifier.c:20047:sort_subprogs_topo": [
        0.0015106702877748786,
        0.0015106702877748786,
        {}
      ],
      "kernel/bpf/verifier.c:20076:bpf_remove_fastcall_spills_fills": [
        0.0012684470632644853,
        0.0012684470632644853,
        {}
      ],
      "kernel/bpf/verifier.c:20108:bpf_opt_subreg_zext_lo32_rnd_hi32": [
        0.0012437230950822114,
        0.0012437230950822114,
        {}
      ],
      "kernel/bpf/verifier.c:20005:check_subprogs": [
        0.001064205586976136,
        0.001064205586976136,
        {}
      ],
      "kernel/bpf/verifier.c:20099:bpf_convert_ctx_accesses": [
        0.0010609807215610568,
        0.0010609807215610568,
        {}
      ],
      "kernel/bpf/verifier.c:20079:check_max_stack_depth": [
        0.0010599057664226969,
        0.0010599057664226969,
        {}
      ],
      "kernel/bpf/verifier.c:20043:bpf_prune_dead_branches": [
        0.0009753426288717313,
        0.0009753426288717313,
        {}
      ],
      "kernel/bpf/verifier.c:20031:bpf_stack_liveness_init": [
        0.0007825673407258858,
        0.0007825673407258858,
        {}
      ],
      "kernel/bpf/verifier.c:20087:bpf_opt_hard_wire_dead_code_branches": [
        0.0007406440903298562,
        0.0007406440903298562,
        {}
      ],
      "kernel/bpf/verifier.c:19997:bpf_check_btf_info_early": [
        0.0006438981278774802,
        0.0006438981278774802,
        {}
      ],
      "kernel/bpf/verifier.c:20083:bpf_optimize_bpf_loop": [
        0.0005109620091003266,
        0.0005109620091003266,
        {}
      ],
      "kernel/bpf/verifier.c:20089:bpf_opt_remove_dead_code": [
        0.00041421604664795055,
        0.00041421604664795055,
        {}
      ],
      "kernel/bpf/verifier.c:20091:bpf_opt_remove_nops": [
        0.00031567849229830836,
        0.00031567849229830836,
        {}
      ],
      "kernel/bpf/verifier.c:20064:do_check_subprogs": [
        8.922127648385787e-05,
        8.922127648385787e-05,
        {}
      ],
      "kernel/bpf/verifier.c:20114:bpf_fixup_call_args": [
        8.599641106877866e-05,
        8.599641106877866e-05,
        {}
      ],
      "kernel/bpf/verifier.c:20066:bpf_prog_is_offloaded": [
        5.6255985574159376e-05,
        5.6255985574159376e-05,
        {}
      ],
      "kernel/bpf/verifier.c:20107:bpf_prog_is_offloaded": [
        5.6255985574159376e-05,
        5.6255985574159376e-05,
        {}
      ],
      "kernel/bpf/verifier.c:20017:bpf_prog_is_offloaded": [
        5.2314483400173684e-05,
        5.2314483400173684e-05,
        {}
      ]
    },
    "durations_per_insn_type": {
      "jeq": [
        36,
        55404103,
        1539002.861111111
      ],
      "add": [
        36,
        51782513,
        1438403.138888889
      ],
      "jne": [
        9,
        9435405,
        1048378.3333333334
      ],
      "stx": [
        36,
        21798557,
        605515.4722222222
      ],
      "jeq32": [
        9,
        3880712,
        431190.22222222225
      ],