{
  "program_name": "selftest_test_bpf_ma-5",
  "verification_stats": {
    "subprog_cnt": 1,
    "insn_processed": 51157,
    "complexity_limit_insns": 1000000,
    "max_states_per_insn": 4,
    "total_states": 906,
    "peak_states": 482,
    "longest_mark_read_walk": 0
  },
  "stats": {
    "verification_time": 67516997,
    "program_length": 823,
    "num_records": 130560,
    "num_record_sites": 45,
    "site_tree": {
      "kernel/bpf/verifier.c:20063:do_check_main": [
        93.05915812576795,
        93.05915812576795,
        {
          "kernel/bpf/verifier.c:18807:do_check": [
            92.66588234070896,
            99.57739163669686,
            {
              "kernel/bpf/verifier.c:17790:do_check_insn": [
                47.76037358415097,
                51.54040772908003,
                {
                  "kernel/bpf/verifier.c:17642:check_cond_jmp_op": [
                    17.277480513536467,
                    36.17534624827539,
                    {}
                  ],
                  "kernel/bpf/verifier.c:17578:check_alu_op": [
                    4.599764708137124,
                    9.63092279844212,
                    {}
                  ],
                  "kernel/bpf/verifier.c:17628:check_kfunc_call": [
                    4.529492032946904,
                    9.483786857249358,
                    {}
                  ],
                  "kernel/bpf/verifier.c:17629:check_helper_call": [
                    2.7145431246001652,
                    5.683672301719542,
                    {}
                  ],
                  "kernel/bpf/verifier.c:17588:check_store_reg": [
                    1.3066620839194016,
                    2.7358707352176386,
                    {}
                  ],
                  "kernel/bpf/verifier.c:17651:check_ld_imm": [
                    0.9099575326195269,
                    1.9052563125709965,
                    {}
                  ],
                  "kernel/bpf/verifier.c:17583:check_load_mem": [
                    0.5236770231353743,
                    1.096467602399898,
                    {}
                  ],
                  "kernel/bpf/verifier.c:17640:process_bpf_exit_full": [
                    0.04627279261250319,
                    0.09688532383645042,
                    {}
                  ]
                }
              ],
              "kernel/bpf/verifier.c:17703:bpf_is_state_visited": [
                17.96951810519653,
                19.391730431192755,
                {
                  "kernel/bpf/states.c:1370:states_equal": [
                    2.8664308040833038,
                    15.951628681986591,
                    {
                      "kernel/bpf/states.c:967:refsafe": [
                        0.6539908758086501,
                        22.815512409266027,
                        {}
                      ]
                    }
                  ],
                  "kernel/bpf/states.c:1382:propagate_precision": [
                    0.8194573582708367,
                    4.560263405360108,
                    {}
                  ]
                }
              ]
            }
          ],
          "kernel/bpf/verifier.c:18798:18708": [
            0.0038390333029770267,
            0.004125368615293764,
            {}
          ]
        }
      ],
      "kernel/bpf/verifier.c:20055:bpf_compute_live_registers": [
        4.074064490753343,
        4.074064490753343,
        {}
      ],
      "kernel/bpf/verifier.c:20102:bpf_do_misc_fixups": [
        1.691750301039011,
        1.691750301039011,
        {}
      ],
      "kernel/bpf/verifier.c:20039:bpf_compute_const_regs": [
        0.2742509415814214,
        0.2742509415814214,
        {}
      ],
      "kernel/bpf/verifier.c:20023:bpf_check_cfg": [
        0.10411600504092325,
        0.10411600504092325,
        {}
      ],
      "kernel/bpf/verifier.c:20051:bpf_compute_scc": [
        0.08922345879808606,
        0.08922345879808606,
        {}
      ],
      "kernel/bpf/verifier.c:20001:add_subprog_and_kfunc": [
        0.05458329255964983,
        0.05458329255964983,
        {}
      ],
      "kernel/bpf/verifier.c:20013:check_and_resolve_insns": [
        0.03722914394430191,
        0.03722914394430191,
        {}
      ],
      "kernel/bpf/verifier.c:20059:mark_fastcall_patterns": [
        0.034968972331515275,
        0.034968972331515275,
        {}
      ],
      "kernel/bpf/verifier.c:20009:bpf_check_btf_info": [
        0.03384629206775888,
        0.03384629206775888,
        {}
      ],
      "kernel/bpf/verifier.c:20035:check_attach_btf_id": [
        0.02941777757088337,
        0.02941777757088337,
        {}
      ],
      "kernel/bpf/verifier.c:20027:bpf_compute_postorder": [
        0.017435609584353997,
        0.017435609584353997,
        {}
      ],
      "kernel/bpf/verifier.c:20108:bpf_opt_subreg_zext_lo32_rnd_hi32": [
        0.007290016171779678,
        0.007290016171779678,
        {}
      ],
      "kernel/bpf/verifier.c:20076:bpf_remove_fastcall_spills_fills": [
        0.007260394001232016,
        0.007260394001232016,
        {}
      ],
      "kernel/bpf/verifier.c:20099:bpf_convert_ctx_accesses": [
        0.00684864583061951,
        0.00684864583061951,
        {}
      ],
      "kernel/bpf/verifier.c:20005:check_subprogs": [
        0.006439859877061771,
        0.006439859877061771,
        {}
      ],
      "kernel/bpf/verifier.c:20043:bpf_prune_dead_branches": [
        0.006056252768469546,
        0.006056252768469546,
        {}
      ],
      "kernel/bpf/verifier.c:20079:check_max_stack_depth": [
        0.0050579856210133285,
        0.0050579856210133285,
        {}
      ],
      "kernel/bpf/verifier.c:20047:sort_subprogs_topo": [
        0.0042448570394799994,
        0.0042448570394799994,
        {}
      ],
      "kernel/bpf/verifier.c:20087:bpf_opt_hard_wire_dead_code_branches": [
        0.0040212096518451495,
        0.0040212096518451495,
        {}
      ],
      "kernel/bpf/verifier.c:20083:bpf_optimize_bpf_loop": [
        0.003296947581954808,
        0.003296947581954808,
        {}
      ],
      "kernel/bpf/verifier.c:20089:bpf_opt_remove_dead_code": [
        0.0026600709151800694,
        0.0026600709151800694,
        {}
      ],
      "kernel/bpf/verifier.c:20091:bpf_opt_remove_nops": [
        0.0017343780855656244,
        0.0017343780855656244,
        {}
      ],
      "kernel/bpf/verifier.c:19997:bpf_check_btf_info_early": [
        0.0011937734730707885,
        0.0011937734730707885,
        {}
      ],
      "kernel/bpf/verifier.c:20031:bpf_stack_liveness_init": [
        0.0007494409148558548,
        0.0007494409148558548,
        {}
      ],
      "kernel/bpf/verifier.c:20064:do_check_subprogs": [
        0.0003687960233183949,
        0.0003687960233183949,
        {}
      ],
      "kernel/bpf/verifier.c:20114:bpf_fixup_call_args": [
        0.00031991944191475224,
        0.00031991944191475224,
        {}
      ],
      "kernel/bpf/verifier.c:20107:bpf_prog_is_offloaded": [
        0.0001940252170871877,
        0.0001940252170871877,
        {}
      ],
      "kernel/bpf/verifier.c:20017:bpf_prog_is_offloaded": [
        0.00011552646513588275,
        0.00011552646513588275,
        {}
      ],
      "kernel/bpf/verifier.c:20066:bpf_prog_is_offloaded": [
        0.00011256424808111651,
        0.00011256424808111651,
        {}
      ]
    },
    "durations_per_insn_type": {
      "jeq32": [
        20,
        3088455,
        154422.75
      ],
      "jeq": [
        82,
        12170749,
        148423.76829268291
      ],
      "call kernel-function": [
        47,
        3855436,
        82030.55319148937
      ],
      "stx": [
        58,
        4067500,
        70129.31034482758
      ],
      "add": [
        56,
        3510866,
        62694.03571428572
      ],
      "mov": [
        279,
        13535583,
        48514.63440860215
      ],