{
  "program_name": "selftest_snprintf_btf_5",
  "verification_stats": {
    "subprog_cnt": 1,
    "insn_processed": 18152,
    "complexity_limit_insns": 1000000,
    "max_states_per_insn": 4,
    "total_states": 629,
    "peak_states": 623,
    "longest_mark_read_walk": 0
  },
  "stats": {
    "verification_time": 62551566,
    "program_length": 4350,
    "num_records": 43397,
    "num_record_sites": 44,
    "site_tree": {
      "kernel/bpf/verifier.c:20063:do_check_main": [
        68.69839517686896,
        68.69839517686896,
        {
          "kernel/bpf/verifier.c:18807:do_check": [
            66.67929624655599,
            97.06092271134627,
            {
              "kernel/bpf/verifier.c:17790:do_check_insn": [
                39.22668698654163,
                58.82888571813278,
                {
                  "kernel/bpf/verifier.c:17642:check_cond_jmp_op": [
                    9.51458993049031,
                    24.255400242581512,
                    {}
                  ],
                  "kernel/bpf/verifier.c:17578:check_alu_op": [
                    5.499775976831659,
                    14.02049573729892,
                    {}
                  ],
                  "kernel/bpf/verifier.c:17629:check_helper_call": [
                    1.6325506542873764,
                    4.161836697673428,
                    {}
                  ],
                  "kernel/bpf/verifier.c:17583:check_load_mem": [
                    1.3914343887089893,
                    3.547162647680085,
                    {}
                  ],
                  "kernel/bpf/verifier.c:17651:check_ld_imm": [
                    0.8396032802759886,
                    2.1403879470220106,
                    {}
                  ],
                  "kernel/bpf/verifier.c:17588:check_store_reg": [
                    0.3053896364481107,
                    0.7785251824934577,
                    {}
                  ],
                  "kernel/bpf/verifier.c:17640:process_bpf_exit_full": [
                    0.001011965072145436,
                    0.0025797872568046167,
                    {}
                  ]
                }
              ],
              "kernel/bpf/verifier.c:17703:bpf_is_state_visited": [
                9.953619706339566,
                14.927601619451213,
                {
                  "kernel/bpf/states.c:1370:states_equal": [
                    1.2128393396258057,
                    12.184907354390237,
                    {
                      "kernel/bpf/states.c:967:refsafe": [
                        0.2681979216955176,
                        22.113227443485137,
                        {}
                      ]
                    }
                  ],
                  "kernel/bpf/states.c:1382:propagate_precision": [
                    0.363156375653329,
                    3.6484855396075746,
                    {}
                  ]
                }
              ]
            }
          ],
          "kernel/bpf/verifier.c:18798:18708": [
            0.0033892037171379527,
            0.004933453988862774,
            {}
          ]
        }
      ],
      "kernel/bpf/verifier.c:20055:bpf_compute_live_registers": [
        21.948321805404518,
        21.948321805404518,
        {}
      ],
      "kernel/bpf/verifier.c:20091:bpf_opt_remove_nops": [
        2.7400513042311365,
        2.7400513042311365,
        {}
      ],
      "kernel/bpf/verifier.c:20102:bpf_do_misc_fixups": [
        2.116715990771518,
        2.116715990771518,
        {}
      ],
      "kernel/bpf/verifier.c:20039:bpf_compute_const_regs": [
        1.1671538327273852,
        1.1671538327273852,
        {}
      ],
      "kernel/bpf/verifier.c:20009:bpf_check_btf_info": [
        0.571921732543035,
        0.571921732543035,
        {}
      ],
      "kernel/bpf/verifier.c:20023:bpf_check_cfg": [
        0.5246663209039403,
        0.5246663209039403,
        {}
      ],
      "kernel/bpf/verifier.c:20013:check_and_resolve_insns": [
        0.26174724386596493,
        0.26174724386596493,
        {}
      ],
      "kernel/bpf/verifier.c:20051:bpf_compute_scc": [
        0.1678982745212166,
        0.1678982745212166,
        {}
      ],
      "kernel/bpf/verifier.c:20089:bpf_opt_remove_dead_code": [
        0.12886487925817877,
        0.12886487925817877,
        {}
      ],
      "kernel/bpf/verifier.c:20027:bpf_compute_postorder": [
        0.12588973391969116,
        0.12588973391969116,
        {}
      ],
      "kernel/bpf/verifier.c:20043:bpf_prune_dead_branches": [
        0.11097563888328552,
        0.11097563888328552,
        {}
      ],
      "kernel/bpf/verifier.c:20059:mark_fastcall_patterns": [
        0.09859225586774278,
        0.09859225586774278,
        {}
      ],
      "kernel/bpf/verifier.c:20005:check_subprogs": [
        0.03104798367478122,
        0.03104798367478122,
        {}
      ],
      "kernel/bpf/verifier.c:20099:bpf_convert_ctx_accesses": [
        0.030464465110273977,
        0.030464465110273977,
        {}
      ],
      "kernel/bpf/verifier.c:20108:bpf_opt_subreg_zext_lo32_rnd_hi32": [
        0.026488545466631482,
        0.026488545466631482,
        {}
      ],
      "kernel/bpf/verifier.c:20076:bpf_remove_fastcall_spills_fills": [
        0.025051331248845152,
        0.025051331248845152,
        {}
      ],
      "kernel/bpf/verifier.c:20035:check_attach_btf_id": [
        0.021102589182179707,
        0.021102589182179707,
        {}
      ],
      "kernel/bpf/verifier.c:20079:check_max_stack_depth": [
        0.02027447242487902,
        0.02027447242487902,
        {}
      ],
      "kernel/bpf/verifier.c:20047:sort_subprogs_topo": [
        0.01584292869662128,
        0.01584292869662128,
        {}
      ],
      "kernel/bpf/verifier.c:20001:add_subprog_and_kfunc": [
        0.015401692740993886,
        0.015401692740993886,
        {}
      ],
      "kernel/bpf/verifier.c:20087:bpf_opt_hard_wire_dead_code_branches": [
        0.014095570365096856,
        0.014095570365096856,
        {}
      ],
      "kernel/bpf/verifier.c:20083:bpf_optimize_bpf_loop": [
        0.014015636315164356,
        0.014015636315164356,
        {}
      ],
      "kernel/bpf/verifier.c:20031:bpf_stack_liveness_init": [
        0.00432603078234684,
        0.00432603078234684,
        {}
      ],
      "kernel/bpf/verifier.c:19997:bpf_check_btf_info_early": [
        0.002751329998676612,
        0.002751329998676612,
        {}
      ],
      "kernel/bpf/verifier.c:20114:bpf_fixup_call_args": [
        0.0003980715686638445,
        0.0003980715686638445,
        {}
      ],
      "kernel/bpf/verifier.c:20064:do_check_subprogs": [
        0.00038368343967599473,
        0.00038368343967599473,
        {}
      ],
      "kernel/bpf/verifier.c:20066:bpf_prog_is_offloaded": [
        0.00029895334674754585,
        0.00029895334674754585,
        {}
      ],
      "kernel/bpf/verifier.c:20017:bpf_prog_is_offloaded": [
        0.0002669797267745463,
        0.0002669797267745463,
        {}
      ],
      "kernel/bpf/verifier.c:20107:bpf_prog_is_offloaded": [
        0.00025099291678804653,
        0.00025099291678804653,
        {}
      ]
    },
    "durations_per_insn_type": {
      "jne32": [
        63,
        5236124,
        83113.07936507936
      ],
      "sub": [
        45,
        2550547,
        56678.822222222225
      ],
      "call bpf_trace_printk": [
        111,
        5427394,
        48895.44144144144
      ],
      "jlt": [
        3,
        55356,
        18452.0
      ],
      "jeq32": [
        93,
        1483277,
        15949.21505376344
      ],
      "jgt": [
        42,
        648332,
        15436.47619047619
      ],
      "add": [
        404,
        4856207,
        12020.314356435643
      ],
      "jslt32": [
        1,
        7096,
        7096.0
      ],
      "jne": [
        52,
        320765,
        6168.557692307692
      ],