{
  "program_name": "selftest_signal_pending_3",
  "verification_stats": {
    "subprog_cnt": 1,
    "insn_processed": 4096,
    "complexity_limit_insns": 1000000,
    "max_states_per_insn": 0,
    "total_states": 0,
    "peak_states": 0,
    "longest_mark_read_walk": 0
  },
  "stats": {
    "verification_time": 11337811,
    "program_length": 4096,
    "num_records": 8226,
    "num_record_sites": 35,
    "site_tree": {
      "kernel/bpf/verifier.c:20055:bpf_compute_live_registers": [
        52.797766694117584,
        52.797766694117584,
        {}
      ],
      "kernel/bpf/verifier.c:20063:do_check_main": [
        35.20828667897181,
        35.20828667897181,
        {
          "kernel/bpf/verifier.c:18807:do_check": [
            35.09353789721843,
            99.67408586847849,
            {
              "kernel/bpf/verifier.c:17790:do_check_insn": [
                23.748737741350602,
                67.67268039747273,
                {
                  "kernel/bpf/verifier.c:17578:check_alu_op": [
                    6.810926730036336,
                    28.679110461426134,
                    {}
                  ],
                  "kernel/bpf/verifier.c:17640:process_bpf_exit_full": [
                    0.0037926192278209614,
                    0.015969771821671874,
                    {}
                  ]
                }
              ]
            }
          ],
          "kernel/bpf/verifier.c:18798:18708": [
            0.0014288472439697576,
            0.004058269739160975,
            {}
          ]
        }
      ],
      "kernel/bpf/verifier.c:20039:bpf_compute_const_regs": [
        3.912077913452606,
        3.912077913452606,
        {}
      ],
      "kernel/bpf/verifier.c:20051:bpf_compute_scc": [
        1.3468120080675186,
        1.3468120080675186,
        {}
      ],
      "kernel/bpf/verifier.c:20013:check_and_resolve_insns": [
        0.7024107210818737,
        0.7024107210818737,
        {}
      ],
      "kernel/bpf/verifier.c:20027:bpf_compute_postorder": [
        0.6830330828411234,
        0.6830330828411234,
        {}
      ],
      "kernel/bpf/verifier.c:20102:bpf_do_misc_fixups": [
        0.5240870570165617,
        0.5240870570165617,
        {}
      ],
      "kernel/bpf/verifier.c:20023:bpf_check_cfg": [
        0.523743075272643,
        0.523743075272643,
        {}
      ],
      "kernel/bpf/verifier.c:20099:bpf_convert_ctx_accesses": [
        0.12377168749770127,
        0.12377168749770127,
        {}
      ],
      "kernel/bpf/verifier.c:20005:check_subprogs": [
        0.12258098146105982,
        0.12258098146105982,
        {}
      ],
      "kernel/bpf/verifier.c:20043:bpf_prune_dead_branches": [
        0.08935587301640502,
        0.08935587301640502,
        {}
      ],
      "kernel/bpf/verifier.c:20108:bpf_opt_subreg_zext_lo32_rnd_hi32": [
        0.0893117727928257,
        0.0893117727928257,
        {}
      ],
      "kernel/bpf/verifier.c:20083:bpf_optimize_bpf_loop": [
        0.08915301198794018,
        0.08915301198794018,
        {}
      ],
      "kernel/bpf/verifier.c:20076:bpf_remove_fastcall_spills_fills": [
        0.07175988380825893,
        0.07175988380825893,
        {}
      ],
      "kernel/bpf/verifier.c:20079:check_max_stack_depth": [
        0.06577989349090402,
        0.06577989349090402,
        {}
      ],
      "kernel/bpf/verifier.c:20059:mark_fastcall_patterns": [
        0.06420992553148046,
        0.06420992553148046,
        {}
      ],
      "kernel/bpf/verifier.c:20089:bpf_opt_remove_dead_code": [
        0.053925753392784555,
        0.053925753392784555,
        {}
      ],
      "kernel/bpf/verifier.c:20047:sort_subprogs_topo": [
        0.053643511961876944,
        0.053643511961876944,
        {}
      ],
      "kernel/bpf/verifier.c:20091:bpf_opt_remove_nops": [
        0.04567019153873706,
        0.04567019153873706,
        {}
      ],
      "kernel/bpf/verifier.c:20087:bpf_opt_hard_wire_dead_code_branches": [
        0.03782035174161926,
        0.03782035174161926,
        {}
      ],
      "kernel/bpf/verifier.c:20001:add_subprog_and_kfunc": [
        0.037458729908268894,
        0.037458729908268894,
        {}
      ],
      "kernel/bpf/verifier.c:20031:bpf_stack_liveness_init": [
        0.013741629667314088,
        0.013741629667314088,
        {}
      ],
      "kernel/bpf/verifier.c:20035:check_attach_btf_id": [
        0.0018433893456153044,
        0.0018433893456153044,
        {}
      ],
      "kernel/bpf/verifier.c:20064:do_check_subprogs": [
        0.0018345693008994415,
        0.0018345693008994415,
        {}
      ],
      "kernel/bpf/verifier.c:19997:bpf_check_btf_info_early": [
        0.0016052481382870115,
        0.0016052481382870115,
        {}
      ],
      "kernel/bpf/verifier.c:20114:bpf_fixup_call_args": [
        0.0015964280935711487,
        0.0015964280935711487,
        {}
      ],
      "kernel/bpf/verifier.c:20017:bpf_prog_is_offloaded": [
        0.001499407601696659,
        0.001499407601696659,
        {}
      ],
      "kernel/bpf/verifier.c:20009:bpf_check_btf_info": [
        0.0013847470203904439,
        0.0013847470203904439,
        {}
      ],
      "kernel/bpf/verifier.c:20066:bpf_prog_is_offloaded": [
        0.0013847470203904439,
        0.0013847470203904439,
        {}
      ],
      "kernel/bpf/verifier.c:20107:bpf_prog_is_offloaded": [
        0.0013582868862428558,
        0.0013582868862428558,
        {}
      ]
    },
    "durations_per_insn_type": {
      "exit": [
        1,
        939,
        939.0
      ],
      "mov": [
        4095,
        2691648,
        657.301098901099
      ]
    },
    "analysis_time": "0.05s"
  },
  "site_tree": {
    "kernel/bpf/verifier.c:19997:bpf_check_btf_info_early": {
      "inclusive_duration": 182,
      "exclusive_duration": 182,
      "children_duration": 0,
      "children": []
    },
    "kernel/bpf/verifier.c:20001:add_subprog_and_kfunc": {
      "inclusive_duration": 4247,
      "exclusive_duration": 4247,
      "children_duration": 0,
      "children": []
    },
    "kernel/bpf/verifier.c:20005:check_subprogs": {
      "inclusive_duration": 13898,
      "exclusive_duration": 13898,
      "children_duration": 0,
      "children": []
    },
    "kernel/bpf/verifier.c:20009:bpf_check_btf_info": {
      "inclusive_duration": 157,
      "exclusive_duration": 157,
      "children_duration": 0,
      "children": []
    },
    "kernel/bpf/verifier.c:20013:check_and_resolve_insns": {
      "inclusive_duration": 79638,
      "exclusive_duration": 79638,
      "children_duration": 0,
      "children": []
    },
    "kernel/bpf/verifier.c:20017:bpf_prog_is_offloaded": {
      "inclusive_duration": 170,
      "exclusive_duration": 170,
      "children_duration": 0,
      "children": []
    },
    "kernel/bpf/verifier.c:20023:bpf_check_cfg": {
      "inclusive_duration": 59381,
      "exclusive_duration": 59381,
      "children_duration": 0,
      "children": []
    },
    "kernel/bpf/verifier.c:20027:bpf_compute_postorder": {
      "inclusive_duration": 77441,
      "exclusive_duration": 77441,
      "children_duration": 0,
      "children": []
    },
    "kernel/bpf/verifier.c:20031:bpf_stack_liveness_init": {
      "inclusive_duration": 1558,
      "exclusive_duration": 1558,
      "children_duration": 0,
      "children": []
    },
    "kernel/bpf/verifier.c:20035:check_attach_btf_id": {
      "inclusive_duration": 209,
      "exclusive_duration": 209,
      "children_duration": 0,
      "children": []
    },
    "kernel/bpf/verifier.c:20039:bpf_compute_const_regs": {
      "inclusive_duration": 443544,
      "exclusive_duration": 443544,
      "children_duration": 0,
      "children": []
    },
    "kernel/bpf/verifier.c:20043:bpf_prune_dead_branches": {
      "inclusive_duration": 10131,
      "exclusive_duration": 10131,
      "children_duration": 0,
      "children": []
    },