{
  "program_name": "selftest_verif_scale2-4",
  "verification_stats": {
    "subprog_cnt": 1,
    "insn_processed": 779692,
    "complexity_limit_insns": 1000000,
    "max_states_per_insn": 13,
    "total_states": 3048,
    "peak_states": 801,
    "longest_mark_read_walk": 0
  },
  "stats": {
    "verification_time": 599866962,
    "program_length": 11429,
    "num_records": 1684532,
    "num_record_sites": 42,
    "site_tree": {
      "kernel/bpf/verifier.c:20063:do_check_main": [
        93.2388443489575,
        93.2388443489575,
        {
          "kernel/bpf/verifier.c:18807:do_check": [
            93.12420126247926,
            99.8770436428307,
            {
              "kernel/bpf/verifier.c:17790:do_check_insn": [
                64.25276626586412,
                68.9968508666847,
                {
                  "kernel/bpf/verifier.c:17578:check_alu_op": [
                    30.00301640216018,
                    46.695291340475755,
                    {}
                  ],
                  "kernel/bpf/verifier.c:17583:check_load_mem": [
                    2.633118341329823,
                    4.098062222620183,
                    {}
                  ],
                  "kernel/bpf/verifier.c:17642:check_cond_jmp_op": [
                    1.5410873719696536,
                    2.3984763015384667,
                    {}
                  ],
                  "kernel/bpf/verifier.c:17588:check_store_reg": [
                    0.157535763738227,
                    0.24518129396387062,
                    {}
                  ],
                  "kernel/bpf/verifier.c:17640:process_bpf_exit_full": [
                    7.318289350964456e-05,
                    0.00011389843233648414,
                    {}
                  ]
                }
              ],
              "kernel/bpf/verifier.c:17703:bpf_is_state_visited": [
                8.911525119131332,
                9.569505024814513,
                {
                  "kernel/bpf/states.c:1370:states_equal": [
                    3.848784224259379,
                    43.18883886661306,
                    {
                      "kernel/bpf/states.c:967:refsafe": [
                        0.7817313332885301,
                        20.3111239222292,
                        {}
                      ]
                    }
                  ],
                  "kernel/bpf/states.c:1382:propagate_precision": [
                    1.4756700336498947,
                    16.559118825597142,
                    {}
                  ]
                }
              ]
            }
          ],
          "kernel/bpf/verifier.c:18798:18708": [
            0.0005099464037494367,
            0.0005469248437281157,
            {}
          ]
        }
      ],
      "kernel/bpf/verifier.c:20055:bpf_compute_live_registers": [
        6.01969974802513,
        6.01969974802513,
        {}
      ],
      "kernel/bpf/verifier.c:20039:bpf_compute_const_regs": [
        0.2582354252074979,
        0.2582354252074979,
        {}
      ],
      "kernel/bpf/verifier.c:20009:bpf_check_btf_info": [
        0.07270895508994543,
        0.07270895508994543,
        {}
      ],
      "kernel/bpf/verifier.c:20051:bpf_compute_scc": [
        0.04682254863037448,
        0.04682254863037448,
        {}
      ],
      "kernel/bpf/verifier.c:20013:check_and_resolve_insns": [
        0.033619787848893065,
        0.033619787848893065,
        {}
      ],
      "kernel/bpf/verifier.c:20027:bpf_compute_postorder": [
        0.030541438619851848,
        0.030541438619851848,
        {}
      ],
      "kernel/bpf/verifier.c:20023:bpf_check_cfg": [
        0.02625748873964491,
        0.02625748873964491,
        {}
      ],
      "kernel/bpf/verifier.c:20102:bpf_do_misc_fixups": [
        0.025992763375423233,
        0.025992763375423233,
        {}
      ],
      "kernel/bpf/verifier.c:20076:bpf_remove_fastcall_spills_fills": [
        0.010674533530986493,
        0.010674533530986493,
        {}
      ],
      "kernel/bpf/verifier.c:20099:bpf_convert_ctx_accesses": [
        0.0089404823731566,
        0.0089404823731566,
        {}
      ],
      "kernel/bpf/verifier.c:20079:check_max_stack_depth": [
        0.008479380132956882,
        0.008479380132956882,
        {}
      ],
      "kernel/bpf/verifier.c:20005:check_subprogs": [
        0.005826791974584525,
        0.005826791974584525,
        {}
      ],
      "kernel/bpf/verifier.c:20108:bpf_opt_subreg_zext_lo32_rnd_hi32": [
        0.00496710135538353,
        0.00496710135538353,
        {}
      ],
      "kernel/bpf/verifier.c:20043:bpf_prune_dead_branches": [
        0.004254610041351136,
        0.004254610041351136,
        {}
      ],
      "kernel/bpf/verifier.c:20001:add_subprog_and_kfunc": [
        0.003851687367973434,
        0.003851687367973434,
        {}
      ],
      "kernel/bpf/verifier.c:20059:mark_fastcall_patterns": [
        0.003261556518260127,
        0.003261556518260127,
        {}
      ],
      "kernel/bpf/verifier.c:20089:bpf_opt_remove_dead_code": [
        0.0032225478688722984,
        0.0032225478688722984,
        {}
      ],
      "kernel/bpf/verifier.c:20083:bpf_optimize_bpf_loop": [
        0.0027796163243275934,
        0.0027796163243275934,
        {}
      ],
      "kernel/bpf/verifier.c:20091:bpf_opt_remove_nops": [
        0.0023481873302434015,
        0.0023481873302434015,
        {}
      ],
      "kernel/bpf/verifier.c:20087:bpf_opt_hard_wire_dead_code_branches": [
        0.0019282608866197236,
        0.0019282608866197236,
        {}
      ],
      "kernel/bpf/verifier.c:20047:sort_subprogs_topo": [
        0.0017703925491399208,
        0.0017703925491399208,
        {}
      ],
      "kernel/bpf/verifier.c:19997:bpf_check_btf_info_early": [
        0.0004235939234806534,
        0.0004235939234806534,
        {}
      ],
      "kernel/bpf/verifier.c:20031:bpf_stack_liveness_init": [
        0.0002393864124825731,
        0.0002393864124825731,
        {}
      ],
      "kernel/bpf/verifier.c:20035:check_attach_btf_id": [
        4.917757080944224e-05,
        4.917757080944224e-05,
        {}
      ],
      "kernel/bpf/verifier.c:20064:do_check_subprogs": [
        2.9673246115527862e-05,
        2.9673246115527862e-05,
        {}
      ],
      "kernel/bpf/verifier.c:20114:bpf_fixup_call_args": [
        2.300510092102722e-05,
        2.300510092102722e-05,
        {}
      ],
      "kernel/bpf/verifier.c:20017:bpf_prog_is_offloaded": [
        1.8837510174464316e-05,
        1.8837510174464316e-05,
        {}
      ],
      "kernel/bpf/verifier.c:20107:bpf_prog_is_offloaded": [
        1.7337177505701673e-05,
        1.7337177505701673e-05,
        {}
      ],
      "kernel/bpf/verifier.c:20066:bpf_prog_is_offloaded": [
        1.3502994018863803e-05,
        1.3502994018863803e-05,
        {}
      ]
    },
    "durations_per_insn_type": {
      "jgt": [
        90,
        11795509,
        131061.21111111112
      ],
      "mov": [
        3060,
        175860549,
        57470.76764705883
      ],
      "add": [
        1346,
        50958273,
        37859.04383358098
      ],
      "ldx": [
        809,
        29446556,
        36398.709517923366
      ],
      "rsh": [
        1170,
        42290197,
        36145.46752136752
      ],
      "lsh": [
        1260,
        41739182,
        33126.33492063492
      ],
      "xor": [
        1260,
        41682568,
        33081.403174603176
      ],
      "or": [
        1170,
        37343732,
        31917.71965811966
      ],
      "sub": [
        1170,
        37123067,
        31729.117094017092
      ],
      "stx": [
        93,
        2587676,
        27824.47311827957
      ],
      "exit": [
        1,
        745,
        745.0
      ]
    },
    "analysis_time": "11.92s"
  },
  "site_tree": {
    "kernel/bpf/verifier.c:19997:bpf_check_btf_info_early": {
      "inclusive_duration": 2541,