{
  "program_name": "selftest_lwt_seg6local_6",
  "verification_stats": {
    "subprog_cnt": 1,
    "insn_processed": 1394,
    "complexity_limit_insns": 1000000,
    "max_states_per_insn": 4,
    "total_states": 97,
    "peak_states": 97,
    "longest_mark_read_walk": 0
  },
  "stats": {
    "verification_time": 13649399,
    "program_length": 415,
    "num_records": 3721,
    "num_record_sites": 44,
    "site_tree": {
      "kernel/bpf/verifier.c:20063:do_check_main": [
        86.18985348732204,
        86.18985348732204,
        {
          "kernel/bpf/verifier.c:18807:do_check": [
            84.50030657027463,
            98.03973803332207,
            {
              "kernel/bpf/verifier.c:17790:do_check_insn": [
                21.00465375801528,
                24.857488227627638,
                {
                  "kernel/bpf/verifier.c:17642:check_cond_jmp_op": [
                    13.357130229689968,
                    63.59128973784177,
                    {}
                  ],
                  "kernel/bpf/verifier.c:17583:check_load_mem": [
                    1.4813399476416507,
                    7.052436877596128,
                    {}
                  ],
                  "kernel/bpf/verifier.c:17578:check_alu_op": [
                    1.3375240917200824,
                    6.367751199943913,
                    {}
                  ],
                  "kernel/bpf/verifier.c:17588:check_store_reg": [
                    0.5062567223655782,
                    2.4102121758250497,
                    {}
                  ],
                  "kernel/bpf/verifier.c:17629:check_helper_call": [
                    0.3159699558932961,
                    1.5042854766064564,
                    {}
                  ],
                  "kernel/bpf/verifier.c:17640:process_bpf_exit_full": [
                    0.009297112642102411,
                    0.04426215613554056,
                    {}
                  ],
                  "kernel/bpf/verifier.c:17651:check_ld_imm": [
                    0.0034140697330336672,
                    0.01625387293866186,
                    {}
                  ]
                }
              ],
              "kernel/bpf/verifier.c:17703:bpf_is_state_visited": [
                8.722757683323639,
                10.322752706310435,
                {
                  "kernel/bpf/states.c:1370:states_equal": [
                    1.948620594943411,
                    22.339501631104884,
                    {
                      "kernel/bpf/states.c:967:refsafe": [
                        0.3486893452231853,
                        17.89416298524297,
                        {}
                      ]
                    }
                  ],
                  "kernel/bpf/states.c:1382:propagate_precision": [
                    0.7315999774055986,
                    8.38725554424477,
                    {}
                  ]
                }
              ]
            }
          ],
          "kernel/bpf/verifier.c:18798:18708": [
            0.009187217693614202,
            0.010659279859392709,
            {}
          ]
        }
      ],
      "kernel/bpf/verifier.c:20055:bpf_compute_live_registers": [
        11.439807716075997,
        11.439807716075997,
        {}
      ],
      "kernel/bpf/verifier.c:20039:bpf_compute_const_regs": [
        0.5148944653167513,
        0.5148944653167513,
        {}
      ],
      "kernel/bpf/verifier.c:20009:bpf_check_btf_info": [
        0.23911675525054252,
        0.23911675525054252,
        {}
      ],
      "kernel/bpf/verifier.c:20023:bpf_check_cfg": [
        0.1944847535045316,
        0.1944847535045316,
        {}
      ],
      "kernel/bpf/verifier.c:20051:bpf_compute_scc": [
        0.13643091538316082,
        0.13643091538316082,
        {}
      ],
      "kernel/bpf/verifier.c:20013:check_and_resolve_insns": [
        0.11796856403714186,
        0.11796856403714186,
        {}
      ],
      "kernel/bpf/verifier.c:20027:bpf_compute_postorder": [
        0.08327106563446493,
        0.08327106563446493,
        {}
      ],
      "kernel/bpf/verifier.c:20102:bpf_do_misc_fixups": [
        0.0665670334642573,
        0.0665670334642573,
        {}
      ],
      "kernel/bpf/verifier.c:20099:bpf_convert_ctx_accesses": [
        0.03937902320827459,
        0.03937902320827459,
        {}
      ],
      "kernel/bpf/verifier.c:20108:bpf_opt_subreg_zext_lo32_rnd_hi32": [
        0.027239294565277194,
        0.027239294565277194,
        {}
      ],
      "kernel/bpf/verifier.c:20047:sort_subprogs_topo": [
        0.02563482831734936,
        0.02563482831734936,
        {}
      ],
      "kernel/bpf/verifier.c:20005:check_subprogs": [
        0.0202206705218303,
        0.0202206705218303,
        {}
      ],
      "kernel/bpf/verifier.c:20043:bpf_prune_dead_branches": [
        0.019319531944226996,
        0.019319531944226996,
        {}
      ],
      "kernel/bpf/verifier.c:20079:check_max_stack_depth": [
        0.016901843077486416,
        0.016901843077486416,
        {}
      ],
      "kernel/bpf/verifier.c:20087:bpf_opt_hard_wire_dead_code_branches": [
        0.014315648623063917,
        0.014315648623063917,
        {}
      ],
      "kernel/bpf/verifier.c:20059:mark_fastcall_patterns": [
        0.013502426004251177,
        0.013502426004251177,
        {}
      ],
      "kernel/bpf/verifier.c:19997:bpf_check_btf_info_early": [
        0.01030081983829471,
        0.01030081983829471,
        {}
      ],
      "kernel/bpf/verifier.c:20076:bpf_remove_fastcall_spills_fills": [
        0.009773324085551312,
        0.009773324085551312,
        {}
      ],
      "kernel/bpf/verifier.c:20083:bpf_optimize_bpf_loop": [
        0.009722039776256816,
        0.009722039776256816,
        {}
      ],
      "kernel/bpf/verifier.c:20001:add_subprog_and_kfunc": [
        0.009480270889582757,
        0.009480270889582757,
        {}
      ],
      "kernel/bpf/verifier.c:20031:bpf_stack_liveness_init": [
        0.009355723281296122,
        0.009355723281296122,
        {}
      ],
      "kernel/bpf/verifier.c:20089:bpf_opt_remove_dead_code": [
        0.007472856497198154,
        0.007472856497198154,
        {}
      ],
      "kernel/bpf/verifier.c:20091:bpf_opt_remove_nops": [
        0.00557533705330176,
        0.00557533705330176,
        {}
      ],
      "kernel/bpf/verifier.c:20064:do_check_subprogs": [
        0.0020074143923846026,
        0.0020074143923846026,
        {}
      ],
      "kernel/bpf/verifier.c:20114:bpf_fixup_call_args": [
        0.001560508268532556,
        0.001560508268532556,
        {}
      ],
      "kernel/bpf/verifier.c:20017:bpf_prog_is_offloaded": [
        0.0011722127838742205,
        0.0011722127838742205,
        {}
      ],
      "kernel/bpf/verifier.c:20035:check_attach_btf_id": [
        0.0011722127838742205,
        0.0011722127838742205,
        {}
      ],
      "kernel/bpf/verifier.c:20066:bpf_prog_is_offloaded": [
        0.001135581134378151,
        0.001135581134378151,
        {}
      ],
      "kernel/bpf/verifier.c:20107:bpf_prog_is_offloaded": [
        0.001084296825083654,
        0.001084296825083654,
        {}
      ]
    },
    "durations_per_insn_type": {
      "jge32": [
        10,
        417359,
        41735.9
      ],
      "exit": [
        1,
        41715,
        41715.0
      ],
      "jeq32": [
        37,
        1368491,
        36986.24324324324
      ],
      "jne32": [
        19,
        663083,
        34899.10526315789
      ],
      "jgt": [
        3,
        26054,
        8684.666666666666
      ],
      "mov": [
        121,
        937873,
        7751.01652892562
      ],
      "call bpf_lwt_seg6_adjust_srh": [
        2,
        13909,
        6954.5
      ],
      "ldx": [
        94,
        600942,
        6393.0
      ],
      "call bpf_lwt_seg6_store_bytes": [
        3,
        15370,
        5123.333333333333
      ],