{
  "program_name": "selftest_verifier_gotol-5",
  "verification_stats": {
    "subprog_cnt": 1,
    "insn_processed": 40004,
    "complexity_limit_insns": 1000000,
    "max_states_per_insn": 0,
    "total_states": 0,
    "peak_states": 0,
    "longest_mark_read_walk": 0
  },
  "stats": {
    "verification_time": 162901455,
    "program_length": 40004,
    "num_records": 80042,
    "num_record_sites": 36,
    "site_tree": {
      "kernel/bpf/verifier.c:20055:bpf_compute_live_registers": [
        76.27053607348074,
        76.27053607348074,
        {}
      ],
      "kernel/bpf/verifier.c:20063:do_check_main": [
        14.615195425970873,
        14.615195425970873,
        {
          "kernel/bpf/verifier.c:18807:do_check": [
            14.548758941410314,
            99.54542869510658,
            {
              "kernel/bpf/verifier.c:17790:do_check_insn": [
                10.724763017003133,
                73.7159991459966,
                {
                  "kernel/bpf/verifier.c:17578:check_alu_op": [
                    5.224130134380936,
                    48.71091441459876,
                    {}
                  ],
                  "kernel/bpf/verifier.c:17640:process_bpf_exit_full": [
                    0.0003763011202079196,
                    0.003508712683080535,
                    {}
                  ]
                }
              ],
              "kernel/bpf/verifier.c:17703:bpf_is_state_visited": [
                0.0009699115333254698,
                0.006666627285745991,
                {}
              ]
            }
          ],
          "kernel/bpf/verifier.c:18798:18708": [
            0.0007832956433691768,
            0.005359460619851022,
            {}
          ]
        }
      ],
      "kernel/bpf/verifier.c:20039:bpf_compute_const_regs": [
        3.5540812081758264,
        3.5540812081758264,
        {}
      ],
      "kernel/bpf/verifier.c:20051:bpf_compute_scc": [
        0.7225245471257454,
        0.7225245471257454,
        {}
      ],
      "kernel/bpf/verifier.c:20027:bpf_compute_postorder": [
        0.6411729103340421,
        0.6411729103340421,
        {}
      ],
      "kernel/bpf/verifier.c:20013:check_and_resolve_insns": [
        0.40770783784589276,
        0.40770783784589276,
        {}
      ],
      "kernel/bpf/verifier.c:20102:bpf_do_misc_fixups": [
        0.37658595498732655,
        0.37658595498732655,
        {}
      ],
      "kernel/bpf/verifier.c:20023:bpf_check_cfg": [
        0.35802074327697075,
        0.35802074327697075,
        {}
      ],
      "kernel/bpf/verifier.c:20108:bpf_opt_subreg_zext_lo32_rnd_hi32": [
        0.1300909190774263,
        0.1300909190774263,
        {}
      ],
      "kernel/bpf/verifier.c:20076:bpf_remove_fastcall_spills_fills": [
        0.12895710477233,
        0.12895710477233,
        {}
      ],
      "kernel/bpf/verifier.c:20099:bpf_convert_ctx_accesses": [
        0.11998419535295127,
        0.11998419535295127,
        {}
      ],
      "kernel/bpf/verifier.c:20089:bpf_opt_remove_dead_code": [
        0.09768912131570588,
        0.09768912131570588,
        {}
      ],
      "kernel/bpf/verifier.c:20005:check_subprogs": [
        0.0703474379648727,
        0.0703474379648727,
        {}
      ],
      "kernel/bpf/verifier.c:20059:mark_fastcall_patterns": [
        0.05987853208554828,
        0.05987853208554828,
        {}
      ],
      "kernel/bpf/verifier.c:20043:bpf_prune_dead_branches": [
        0.058764361558342124,
        0.058764361558342124,
        {}
      ],
      "kernel/bpf/verifier.c:20079:check_max_stack_depth": [
        0.05793257033830668,
        0.05793257033830668,
        {}
      ],
      "kernel/bpf/verifier.c:20001:add_subprog_and_kfunc": [
        0.0386503607349609,
        0.0386503607349609,
        {}
      ],
      "kernel/bpf/verifier.c:20083:bpf_optimize_bpf_loop": [
        0.03529802726439736,
        0.03529802726439736,
        {}
      ],
      "kernel/bpf/verifier.c:20091:bpf_opt_remove_nops": [
        0.031013842080170495,
        0.031013842080170495,
        {}
      ],
      "kernel/bpf/verifier.c:20087:bpf_opt_hard_wire_dead_code_branches": [
        0.023555345162509445,
        0.023555345162509445,
        {}
      ],
      "kernel/bpf/verifier.c:20047:sort_subprogs_topo": [
        0.01875428307254837,
        0.01875428307254837,
        {}
      ],
      "kernel/bpf/verifier.c:19997:bpf_check_btf_info_early": [
        0.0014837190987643419,
        0.0014837190987643419,
        {}
      ],
      "kernel/bpf/verifier.c:20031:bpf_stack_liveness_init": [
        0.0010300706031140115,
        0.0010300706031140115,
        {}
      ],
      "kernel/bpf/verifier.c:20009:bpf_check_btf_info": [
        0.0007127008165765001,
        0.0007127008165765001,
        {}
      ],
      "kernel/bpf/verifier.c:20035:check_attach_btf_id": [
        0.0001681998481842903,
        0.0001681998481842903,
        {}
      ],
      "kernel/bpf/verifier.c:20064:do_check_subprogs": [
        0.00013014002852215162,
        0.00013014002852215162,
        {}
      ],
      "kernel/bpf/verifier.c:20107:bpf_prog_is_offloaded": [
        0.00010006049362788073,
        0.00010006049362788073,
        {}
      ],
      "kernel/bpf/verifier.c:20114:bpf_fixup_call_args": [
        9.944662556881398e-05,
        9.944662556881398e-05,
        {}
      ],
      "kernel/bpf/verifier.c:20017:bpf_prog_is_offloaded": [
        9.023860468281269e-05,
        9.023860468281269e-05,
        {}
      ],
      "kernel/bpf/verifier.c:20066:bpf_prog_is_offloaded": [
        4.910944472534024e-05,
        4.910944472534024e-05,
        {}
      ]
    },
    "durations_per_insn_type": {
      "mov": [
        1,
        1175,
        1175.0
      ],
      "exit": [
        1,
        971,
        971.0
      ],
      "gotol": [
        2,
        1461,
        730.5
      ],
      "add": [
        40000,
        17468768,
        436.7192
      ]
    },
    "analysis_time": "0.55s"
  },
  "site_tree": {
    "kernel/bpf/verifier.c:19997:bpf_check_btf_info_early": {
      "inclusive_duration": 2417,
      "exclusive_duration": 2417,
      "children_duration": 0,
      "children": []
    },
    "kernel/bpf/verifier.c:20001:add_subprog_and_kfunc": {
      "inclusive_duration": 62962,
      "exclusive_duration": 62962,
      "children_duration": 0,
      "children": []
    },
    "kernel/bpf/verifier.c:20005:check_subprogs": {
      "inclusive_duration": 114597,
      "exclusive_duration": 114597,
      "children_duration": 0,
      "children": []
    },
    "kernel/bpf/verifier.c:20009:bpf_check_btf_info": {
      "inclusive_duration": 1161,
      "exclusive_duration": 1161,
      "children_duration": 0,
      "children": []
    },
    "kernel/bpf/verifier.c:20013:check_and_resolve_insns": {
      "inclusive_duration": 664162,
      "exclusive_duration": 664162,
      "children_duration": 0,
      "children": []
    },
    "kernel/bpf/verifier.c:20017:bpf_prog_is_offloaded": {
      "inclusive_duration": 147,
      "exclusive_duration": 147,
      "children_duration": 0,
      "children": []
    },
    "kernel/bpf/verifier.c:20023:bpf_check_cfg": {
      "inclusive_duration": 583221,
      "exclusive_duration": 583221,
      "children_duration": 0,
      "children": []
    },
    "kernel/bpf/verifier.c:20027:bpf_compute_postorder": {
      "inclusive_duration": 1044480,
      "exclusive_duration": 1044480,
      "children_duration": 0,
      "children": []
    },
    "kernel/bpf/verifier.c:20031:bpf_stack_liveness_init": {
      "inclusive_duration": 1678,
      "exclusive_duration": 1678,
      "children_duration": 0,
      "children": []
    },
    "kernel/bpf/verifier.c:20035:check_attach_btf_id": {
      "inclusive_duration": 274,
      "exclusive_duration": 274,
      "children_duration": 0,
      "children": []
    },