{
  "program_name": "selftest_bpf_iter-15",
  "verification_stats": {
    "subprog_cnt": 1,
    "insn_processed": 85521,
    "complexity_limit_insns": 1000000,
    "max_states_per_insn": 8,
    "total_states": 1049,
    "peak_states": 1031,
    "longest_mark_read_walk": 0
  },
  "stats": {
    "verification_time": 158072121,
    "program_length": 448,
    "num_records": 206430,
    "num_record_sites": 45,
    "site_tree": {
      "kernel/bpf/verifier.c:20063:do_check_main": [
        98.96415383709567,
        98.96415383709567,
        {
          "kernel/bpf/verifier.c:18807:do_check": [
            98.90166274165449,
            99.93685481760998,
            {
              "kernel/bpf/verifier.c:17790:do_check_insn": [
                51.45028325393318,
                52.02165648956662,
                {
                  "kernel/bpf/verifier.c:17642:check_cond_jmp_op": [
                    16.483697337116137,
                    32.03810804259473,
                    {}
                  ],
                  "kernel/bpf/verifier.c:17578:check_alu_op": [
                    8.081332064874362,
                    15.70707011463649,
                    {}
                  ],
                  "kernel/bpf/verifier.c:17588:check_store_reg": [
                    2.530619551818375,
                    4.91857263317383,
                    {}
                  ],
                  "kernel/bpf/verifier.c:17651:check_ld_imm": [
                    1.7704051684104372,
                    3.441001791326574,
                    {}
                  ],
                  "kernel/bpf/verifier.c:17583:check_load_mem": [
                    1.1395450308407007,
                    2.2148469527688888,
                    {}
                  ],
                  "kernel/bpf/verifier.c:17629:check_helper_call": [
                    0.01979602715649017,
                    0.03847603143171585,
                    {}
                  ],
                  "kernel/bpf/verifier.c:17628:check_kfunc_call": [
                    0.01958852693575232,
                    0.03807272904421736,
                    {}
                  ],
                  "kernel/bpf/verifier.c:17640:process_bpf_exit_full": [
                    0.0008477143164290178,
                    0.0016476378025853011,
                    {}
                  ]
                }
              ],
              "kernel/bpf/verifier.c:17703:bpf_is_state_visited": [
                18.767819911773056,
                18.97624305953008,
                {
                  "kernel/bpf/states.c:1370:states_equal": [
                    4.217455271571892,
                    22.471737747900498,
                    {
                      "kernel/bpf/states.c:967:refsafe": [
                        0.7167076602964036,
                        16.993841407813644,
                        {}
                      ]
                    }
                  ],
                  "kernel/bpf/states.c:1382:propagate_precision": [
                    0.6865385199708935,
                    3.6580621681063117,
                    {}
                  ]
                }
              ]
            }
          ],
          "kernel/bpf/verifier.c:18798:18708": [
            0.0014044222257256862,
            0.0014191221480431165,
            {}
          ]
        }
      ],
      "kernel/bpf/verifier.c:20055:bpf_compute_live_registers": [
        0.8136925043221253,
        0.8136925043221253,
        {}
      ],
      "kernel/bpf/verifier.c:20039:bpf_compute_const_regs": [
        0.04753210086932407,
        0.04753210086932407,
        {}
      ],
      "kernel/bpf/verifier.c:20009:bpf_check_btf_info": [
        0.016603180772148934,
        0.016603180772148934,
        {}
      ],
      "kernel/bpf/verifier.c:20013:check_and_resolve_insns": [
        0.01454968773399327,
        0.01454968773399327,
        {}
      ],
      "kernel/bpf/verifier.c:20023:bpf_check_cfg": [
        0.014086607973078313,
        0.014086607973078313,
        {}
      ],
      "kernel/bpf/verifier.c:20001:add_subprog_and_kfunc": [
        0.012871972534612855,
        0.012871972534612855,
        {}
      ],
      "kernel/bpf/verifier.c:20051:bpf_compute_scc": [
        0.012036910670667852,
        0.012036910670667852,
        {}
      ],
      "kernel/bpf/verifier.c:20102:bpf_do_misc_fixups": [
        0.008980078150529782,
        0.008980078150529782,
        {}
      ],
      "kernel/bpf/verifier.c:20027:bpf_compute_postorder": [
        0.005985242647563387,
        0.005985242647563387,
        {}
      ],
      "kernel/bpf/verifier.c:20059:mark_fastcall_patterns": [
        0.0029771220694887746,
        0.0029771220694887746,
        {}
      ],
      "kernel/bpf/verifier.c:20047:sort_subprogs_topo": [
        0.002759499886763713,
        0.002759499886763713,
        {}
      ],
      "kernel/bpf/verifier.c:20099:bpf_convert_ctx_accesses": [
        0.002489370026229989,
        0.002489370026229989,
        {}
      ],
      "kernel/bpf/verifier.c:20079:check_max_stack_depth": [
        0.002302113729466564,
        0.002302113729466564,
        {}
      ],
      "kernel/bpf/verifier.c:20108:bpf_opt_subreg_zext_lo32_rnd_hi32": [
        0.0022565649005241092,
        0.0022565649005241092,
        {}
      ],
      "kernel/bpf/verifier.c:20005:check_subprogs": [
        0.0020800631883720975,
        0.0020800631883720975,
        {}
      ],
      "kernel/bpf/verifier.c:20043:bpf_prune_dead_branches": [
        0.0019041940988442862,
        0.0019041940988442862,
        {}
      ],
      "kernel/bpf/verifier.c:20087:bpf_opt_hard_wire_dead_code_branches": [
        0.0015176616754576224,
        0.0015176616754576224,
        {}
      ],
      "kernel/bpf/verifier.c:20076:bpf_remove_fastcall_spills_fills": [
        0.0010805194421348973,
        0.0010805194421348973,
        {}
      ],
      "kernel/bpf/verifier.c:20035:check_attach_btf_id": [
        0.0009609537661609539,
        0.0009609537661609539,
        {}
      ],
      "kernel/bpf/verifier.c:20083:bpf_optimize_bpf_loop": [
        0.0008698561082760445,
        0.0008698561082760445,
        {}
      ],
      "kernel/bpf/verifier.c:19997:bpf_check_btf_info_early": [
        0.0007996349969897601,
        0.0007996349969897601,
        {}
      ],
      "kernel/bpf/verifier.c:20031:bpf_stack_liveness_init": [
        0.0007730648467733283,
        0.0007730648467733283,
        {}
      ],
      "kernel/bpf/verifier.c:20089:bpf_opt_remove_dead_code": [
        0.0006300921337039566,
        0.0006300921337039566,
        {}
      ],
      "kernel/bpf/verifier.c:20091:bpf_opt_remove_nops": [
        0.000489649911131388,
        0.000489649911131388,
        {}
      ],
      "kernel/bpf/verifier.c:20064:do_check_subprogs": [
        0.0001549925429291861,
        0.0001549925429291861,
        {}
      ],
      "kernel/bpf/verifier.c:20114:bpf_fixup_call_args": [
        0.00010438273299312535,
        0.00010438273299312535,
        {}
      ],
      "kernel/bpf/verifier.c:20066:bpf_prog_is_offloaded": [
        9.426077100591318e-05,
        9.426077100591318e-05,
        {}
      ],
      "kernel/bpf/verifier.c:20107:bpf_prog_is_offloaded": [
        9.426077100591318e-05,
        9.426077100591318e-05,
        {}
      ],
      "kernel/bpf/verifier.c:20017:bpf_prog_is_offloaded": [
        9.299552575751166e-05,
        9.299552575751166e-05,
        {}
      ]
    },
    "durations_per_insn_type": {
      "and": [
        1,
        4023222,
        4023222.0
      ],
      "jeq32": [
        11,
        23124474,
        2102224.909090909
      ],
      "jne": [
        13,
        7043591,
        541814.6923076923
      ],
      "goto": [
        17,
        8644430,
        508495.8823529412
      ],
      "add": [
        35,
        16372382,
        467782.34285714285
      ],