{
  "program_name": "selftest_bpf_iter_15",
  "verification_stats": {
    "subprog_cnt": 1,
    "insn_processed": 85521,
    "complexity_limit_insns": 1000000,
    "max_states_per_insn": 8,
    "total_states": 1049,
    "peak_states": 1031,
    "longest_mark_read_walk": 0
  },
  "stats": {
    "verification_time": 162989312,
    "program_length": 448,
    "num_records": 206430,
    "num_record_sites": 45,
    "site_tree": {
      "kernel/bpf/verifier.c:20063:do_check_main": [
        98.98968712746023,
        98.98968712746023,
        {
          "kernel/bpf/verifier.c:18807:do_check": [
            98.92851808589755,
            99.93820665229106,
            {
              "kernel/bpf/verifier.c:17790:do_check_insn": [
                51.35713990865855,
                51.91338241220416,
                {
                  "kernel/bpf/verifier.c:17642:check_cond_jmp_op": [
                    16.563937026741975,
                    32.25245225143345,
                    {}
                  ],
                  "kernel/bpf/verifier.c:17578:check_alu_op": [
                    8.030412448148748,
                    15.636409002587119,
                    {}
                  ],
                  "kernel/bpf/verifier.c:17588:check_store_reg": [
                    2.521178198482119,
                    4.909109430482637,
                    {}
                  ],
                  "kernel/bpf/verifier.c:17651:check_ld_imm": [
                    1.776790124741431,
                    3.4596749894981462,
                    {}
                  ],
                  "kernel/bpf/verifier.c:17583:check_load_mem": [
                    1.1130907773879062,
                    2.1673535157284816,
                    {}
                  ],
                  "kernel/bpf/verifier.c:17629:check_helper_call": [
                    0.01883927211129034,
                    0.03668286852577267,
                    {}
                  ],
                  "kernel/bpf/verifier.c:17628:check_kfunc_call": [
                    0.01838341399956336,
                    0.0357952448914781,
                    {}
                  ],
                  "kernel/bpf/verifier.c:17640:process_bpf_exit_full": [
                    0.0008153908889436874,
                    0.001587687496604959,
                    {}
                  ]
                }
              ],
              "kernel/bpf/verifier.c:17703:bpf_is_state_visited": [
                18.30144850234106,
                18.499669111034592,
                {
                  "kernel/bpf/states.c:1370:states_equal": [
                    4.087749017555212,
                    22.335658388090543,
                    {
                      "kernel/bpf/states.c:967:refsafe": [
                        0.7171028490506175,
                        17.542731854890153,
                        {}
                      ]
                    }
                  ],
                  "kernel/bpf/states.c:1382:propagate_precision": [
                    0.6535802789326456,
                    3.5711942628423192,
                    {}
                  ]
                }
              ]
            }
          ],
          "kernel/bpf/verifier.c:18798:18708": [
            0.0011767642776478497,
            0.0011887746206659233,
            {}
          ]
        }
      ],
      "kernel/bpf/verifier.c:20055:bpf_compute_live_registers": [
        0.7942226297636006,
        0.7942226297636006,
        {}
      ],
      "kernel/bpf/verifier.c:20039:bpf_compute_const_regs": [
        0.04818966289028817,
        0.04818966289028817,
        {}
      ],
      "kernel/bpf/verifier.c:20009:bpf_check_btf_info": [
        0.016204129998413638,
        0.016204129998413638,
        {}
      ],
      "kernel/bpf/verifier.c:20013:check_and_resolve_insns": [
        0.014282531605507975,
        0.014282531605507975,
        {}
      ],
      "kernel/bpf/verifier.c:20023:bpf_check_cfg": [
        0.013349955118529488,
        0.013349955118529488,
        {}
      ],
      "kernel/bpf/verifier.c:20001:add_subprog_and_kfunc": [
        0.012889802246665106,
        0.012889802246665106,
        {}
      ],
      "kernel/bpf/verifier.c:20051:bpf_compute_scc": [
        0.011704448448742454,
        0.011704448448742454,
        {}
      ],
      "kernel/bpf/verifier.c:20102:bpf_do_misc_fixups": [
        0.008318336848983079,
        0.008318336848983079,
        {}
      ],
      "kernel/bpf/verifier.c:20027:bpf_compute_postorder": [
        0.0061286227160711,
        0.0061286227160711,
        {}
      ],
      "kernel/bpf/verifier.c:20059:mark_fastcall_patterns": [
        0.0028032512953978235,
        0.0028032512953978235,
        {}
      ],
      "kernel/bpf/verifier.c:20047:sort_subprogs_topo": [
        0.00266643250816348,
        0.00266643250816348,
        {}
      ],
      "kernel/bpf/verifier.c:20099:bpf_convert_ctx_accesses": [
        0.0022670198153851955,
        0.0022670198153851955,
        {}
      ],
      "kernel/bpf/verifier.c:20108:bpf_opt_subreg_zext_lo32_rnd_hi32": [
        0.002264565666735252,
        0.002264565666735252,
        {}
      ],
      "kernel/bpf/verifier.c:20079:check_max_stack_depth": [
        0.0021559695889752577,
        0.0021559695889752577,
        {}
      ],
      "kernel/bpf/verifier.c:20005:check_subprogs": [
        0.002050441197027692,
        0.002050441197027692,
        {}
      ],
      "kernel/bpf/verifier.c:20043:bpf_prune_dead_branches": [
        0.0018467468590823916,
        0.0018467468590823916,
        {}
      ],
      "kernel/bpf/verifier.c:20087:bpf_opt_hard_wire_dead_code_branches": [
        0.0013442599230064853,
        0.0013442599230064853,
        {}
      ],
      "kernel/bpf/verifier.c:20076:bpf_remove_fastcall_spills_fills": [
        0.001147928031011015,
        0.001147928031011015,
        {}
      ],
      "kernel/bpf/verifier.c:20035:check_attach_btf_id": [
        0.0009896354430896672,
        0.0009896354430896672,
        {}
      ],
      "kernel/bpf/verifier.c:20083:bpf_optimize_bpf_loop": [
        0.0008951507200668471,
        0.0008951507200668471,
        {}
      ],
      "kernel/bpf/verifier.c:19997:bpf_check_btf_info_early": [
        0.000753423635532617,
        0.000753423635532617,
        {}
      ],
      "kernel/bpf/verifier.c:20031:bpf_stack_liveness_init": [
        0.0007405393551204143,
        0.0007405393551204143,
        {}
      ],
      "kernel/bpf/verifier.c:20089:bpf_opt_remove_dead_code": [
        0.0005613865036745477,
        0.0005613865036745477,
        {}
      ],
      "kernel/bpf/verifier.c:20091:bpf_opt_remove_nops": [
        0.000477331912413987,
        0.000477331912413987,
        {}
      ],
      "kernel/bpf/verifier.c:20064:do_check_subprogs": [
        0.00014602184467163098,
        0.00014602184467163098,
        {}
      ],
      "kernel/bpf/verifier.c:20114:bpf_fixup_call_args": [
        0.00014111354737174423,
        0.00014111354737174423,
        {}
      ],
      "kernel/bpf/verifier.c:20066:bpf_prog_is_offloaded": [
        9.448472302282005e-05,
        9.448472302282005e-05,
        {}
      ],
      "kernel/bpf/verifier.c:20107:bpf_prog_is_offloaded": [
        9.448472302282005e-05,
        9.448472302282005e-05,
        {}
      ],
      "kernel/bpf/verifier.c:20017:bpf_prog_is_offloaded": [
        9.141703721039082e-05,
        9.141703721039082e-05,
        {}
      ]
    },
    "durations_per_insn_type": {
      "and": [
        1,
        4112506,
        4112506.0
      ],
      "jeq32": [
        11,
        23986886,
        2180626.0
      ],
      "jne": [
        13,
        7228328,
        556025.2307692308
      ],
      "goto": [
        17,
        8771552,
        515973.64705882355
      ],
      "add": [
        35,
        16403709,
        468677.4
      ],
      "mov": [
        118,
        33840703,
        286785.6186440678
      ],