{
  "program_name": "selftest_test_bpf_ma-6",
  "verification_stats": {
    "subprog_cnt": 1,
    "insn_processed": 26389,
    "complexity_limit_insns": 1000000,
    "max_states_per_insn": 4,
    "total_states": 514,
    "peak_states": 233,
    "longest_mark_read_walk": 0
  },
  "stats": {
    "verification_time": 35724786,
    "program_length": 482,
    "num_records": 67999,
    "num_record_sites": 45,
    "site_tree": {
      "kernel/bpf/verifier.c:20063:do_check_main": [
        93.19361633124969,
        93.19361633124969,
        {
          "kernel/bpf/verifier.c:18807:do_check": [
            92.8077021930936,
            99.58590067286973,
            {
              "kernel/bpf/verifier.c:17790:do_check_insn": [
                48.14231217508203,
                51.87318620917715,
                {
                  "kernel/bpf/verifier.c:17642:check_cond_jmp_op": [
                    17.412672534973336,
                    36.16916543527787,
                    {}
                  ],
                  "kernel/bpf/verifier.c:17628:check_kfunc_call": [
                    5.339259415017909,
                    11.090575366634459,
                    {}
                  ],
                  "kernel/bpf/verifier.c:17578:check_alu_op": [
                    4.8274187002827675,
                    10.027392707534705,
                    {}
                  ],
                  "kernel/bpf/verifier.c:17629:check_helper_call": [
                    2.695993756267707,
                    5.600050422304241,
                    {}
                  ],
                  "kernel/bpf/verifier.c:17583:check_load_mem": [
                    0.9218893571538819,
                    1.91492538580447,
                    {}
                  ],
                  "kernel/bpf/verifier.c:17588:check_store_reg": [
                    0.86286591051938,
                    1.7923233669819263,
                    {}
                  ],
                  "kernel/bpf/verifier.c:17651:check_ld_imm": [
                    0.5826598933300818,
                    1.2102864756704823,
                    {}
                  ],
                  "kernel/bpf/verifier.c:17640:process_bpf_exit_full": [
                    0.0037956840385272007,
                    0.007884299417782863,
                    {}
                  ]
                }
              ],
              "kernel/bpf/verifier.c:17703:bpf_is_state_visited": [
                18.956074362488835,
                20.42510903141342,
                {
                  "kernel/bpf/states.c:1370:states_equal": [
                    3.1414575863379564,
                    16.572300394402436,
                    {
                      "kernel/bpf/states.c:967:refsafe": [
                        0.7329141173861755,
                        23.330383977602718,
                        {}
                      ]
                    }
                  ],
                  "kernel/bpf/states.c:1382:propagate_precision": [
                    0.8858947398593233,
                    4.673408232731843,
                    {}
                  ]
                }
              ]
            }
          ],
          "kernel/bpf/verifier.c:18798:18708": [
            0.004473084877261406,
            0.00479977605049917,
            {}
          ]
        }
      ],
      "kernel/bpf/verifier.c:20055:bpf_compute_live_registers": [
        4.519324482447565,
        4.519324482447565,
        {}
      ],
      "kernel/bpf/verifier.c:20102:bpf_do_misc_fixups": [
        1.0155918078837476,
        1.0155918078837476,
        {}
      ],
      "kernel/bpf/verifier.c:20039:bpf_compute_const_regs": [
        0.25278807828268024,
        0.25278807828268024,
        {}
      ],
      "kernel/bpf/verifier.c:20023:bpf_check_cfg": [
        0.11052270544041887,
        0.11052270544041887,
        {}
      ],
      "kernel/bpf/verifier.c:20001:add_subprog_and_kfunc": [
        0.09048339715736856,
        0.09048339715736856,
        {}
      ],
      "kernel/bpf/verifier.c:20035:check_attach_btf_id": [
        0.051334107361762776,
        0.051334107361762776,
        {}
      ],
      "kernel/bpf/verifier.c:20013:check_and_resolve_insns": [
        0.0477259681835463,
        0.0477259681835463,
        {}
      ],
      "kernel/bpf/verifier.c:20051:bpf_compute_scc": [
        0.03904292106886238,
        0.03904292106886238,
        {}
      ],
      "kernel/bpf/verifier.c:20009:bpf_check_btf_info": [
        0.03746418522982895,
        0.03746418522982895,
        {}
      ],
      "kernel/bpf/verifier.c:20059:mark_fastcall_patterns": [
        0.03442427898658371,
        0.03442427898658371,
        {}
      ],
      "kernel/bpf/verifier.c:20027:bpf_compute_postorder": [
        0.021671228485455447,
        0.021671228485455447,
        {}
      ],
      "kernel/bpf/verifier.c:20108:bpf_opt_subreg_zext_lo32_rnd_hi32": [
        0.008621465220253524,
        0.008621465220253524,
        {}
      ],
      "kernel/bpf/verifier.c:20099:bpf_convert_ctx_accesses": [
        0.008209986198377787,
        0.008209986198377787,
        {}
      ],
      "kernel/bpf/verifier.c:20005:check_subprogs": [
        0.008167998543084346,
        0.008167998543084346,
        {}
      ],
      "kernel/bpf/verifier.c:20076:bpf_remove_fastcall_spills_fills": [
        0.007938466027480193,
        0.007938466027480193,
        {}
      ],
      "kernel/bpf/verifier.c:20043:bpf_prune_dead_branches": [
        0.007031532673141835,
        0.007031532673141835,
        {}
      ],
      "kernel/bpf/verifier.c:20079:check_max_stack_depth": [
        0.006454902207111892,
        0.006454902207111892,
        {}
      ],
      "kernel/bpf/verifier.c:20047:sort_subprogs_topo": [
        0.005634743340379981,
        0.005634743340379981,
        {}
      ],
      "kernel/bpf/verifier.c:20087:bpf_opt_hard_wire_dead_code_branches": [
        0.005368821523521513,
        0.005368821523521513,
        {}
      ],
      "kernel/bpf/verifier.c:20083:bpf_optimize_bpf_loop": [
        0.00391324947334884,
        0.00391324947334884,
        {}
      ],
      "kernel/bpf/verifier.c:20031:bpf_stack_liveness_init": [
        0.003479377035316601,
        0.003479377035316601,
        {}
      ],
      "kernel/bpf/verifier.c:19997:bpf_check_btf_info_early": [
        0.002953131755638788,
        0.002953131755638788,
        {}
      ],
      "kernel/bpf/verifier.c:20089:bpf_opt_remove_dead_code": [
        0.002874754799091029,
        0.002874754799091029,
        {}
      ],
      "kernel/bpf/verifier.c:20091:bpf_opt_remove_nops": [
        0.002236542438630703,
        0.002236542438630703,
        {}
      ],
      "kernel/bpf/verifier.c:20114:bpf_fixup_call_args": [
        0.0004898559784234956,
        0.0004898559784234956,
        {}
      ],
      "kernel/bpf/verifier.c:20064:do_check_subprogs": [
        0.0004030814908170479,
        0.0004030814908170479,
        {}
      ],
      "kernel/bpf/verifier.c:20066:bpf_prog_is_offloaded": [
        0.00023793004666284074,
        0.00023793004666284074,
        {}
      ],
      "kernel/bpf/verifier.c:20107:bpf_prog_is_offloaded": [
        0.00022393416156502662,
        0.00022393416156502662,
        {}
      ],
      "kernel/bpf/verifier.c:20017:bpf_prog_is_offloaded": [
        0.00020993827646721244,
        0.00020993827646721244,
        {}
      ]
    },
    "durations_per_insn_type": {
      "jeq": [
        48,
        6955423,
        144904.64583333334
      ],
      "jeq32": [
        10,
        1401002,
        140100.2
      ],
      "call kernel-function": [
        29,
        2403902,
        82893.1724137931
      ],
      "add": [
        28,
        1978688,
        70667.42857142857
      ],
      "call bpf_kptr_xchg": [
        18,
        884222,
        49123.444444444445
      ],
      "stx": [
        29,
        1249006,
        43069.1724137931
      ],