{
  "program_name": "selftest_verifier_liveness_exp-4",
  "verification_stats": {
    "subprog_cnt": 8,
    "insn_processed": 0,
    "complexity_limit_insns": 1000000,
    "max_states_per_insn": 0,
    "total_states": 0,
    "peak_states": 0,
    "longest_mark_read_walk": 0
  },
  "stats": {
    "verification_time": 190634113,
    "program_length": 1066,
    "num_records": 17,
    "num_record_sites": 15,
    "site_tree": {
      "kernel/bpf/verifier.c:20055:bpf_compute_live_registers": [
        97.8889093160362,
        97.8889093160362,
        {}
      ],
      "kernel/bpf/verifier.c:20039:bpf_compute_const_regs": [
        0.08140358383811401,
        0.08140358383811401,
        {}
      ],
      "kernel/bpf/verifier.c:20051:bpf_compute_scc": [
        0.035619018512179926,
        0.035619018512179926,
        {}
      ],
      "kernel/bpf/verifier.c:20023:bpf_check_cfg": [
        0.018967748967363463,
        0.018967748967363463,
        {}
      ],
      "kernel/bpf/verifier.c:20013:check_and_resolve_insns": [
        0.013566826835446813,
        0.013566826835446813,
        {}
      ],
      "kernel/bpf/verifier.c:20027:bpf_compute_postorder": [
        0.00814702036041157,
        0.00814702036041157,
        {}
      ],
      "kernel/bpf/verifier.c:20001:add_subprog_and_kfunc": [
        0.005363153445679472,
        0.005363153445679472,
        {}
      ],
      "kernel/bpf/verifier.c:20047:sort_subprogs_topo": [
        0.0045028667036103864,
        0.0045028667036103864,
        {}
      ],
      "kernel/bpf/verifier.c:20043:bpf_prune_dead_branches": [
        0.0021381272930936553,
        0.0021381272930936553,
        {}
      ],
      "kernel/bpf/verifier.c:20005:check_subprogs": [
        0.0018863360515124594,
        0.0018863360515124594,
        {}
      ],
      "kernel/bpf/verifier.c:20009:bpf_check_btf_info": [
        0.0008560902213760661,
        0.0008560902213760661,
        {}
      ],
      "kernel/bpf/verifier.c:19997:bpf_check_btf_info_early": [
        0.0005953813733222028,
        0.0005953813733222028,
        {}
      ],
      "kernel/bpf/verifier.c:20031:bpf_stack_liveness_init": [
        0.0002953301437712777,
        0.0002953301437712777,
        {}
      ],
      "kernel/bpf/verifier.c:20035:check_attach_btf_id": [
        4.8259987969729214e-05,
        4.8259987969729214e-05,
        {}
      ],
      "kernel/bpf/verifier.c:20017:bpf_prog_is_offloaded": [
        4.4063467276709285e-05,
        4.4063467276709285e-05,
        {}
      ]
    },
    "durations_per_insn_type": {
      "mov": [
        358,
        0,
        0.0
      ],
      "add": [
        350,
        0,
        0.0
      ],
      "call pc+149": [
        7,
        0,
        0.0
      ],
      "call pc+146": [
        7,
        0,
        0.0
      ],
      "call pc+143": [
        7,
        0,
        0.0
      ],
      "call pc+140": [
        7,
        0,
        0.0
      ],
      "call pc+137": [
        7,
        0,
        0.0
      ],
      "call pc+134": [
        7,
        0,
        0.0
      ],
      "call pc+131": [
        7,
        0,
        0.0
      ],
      "call pc+128": [
        7,
        0,
        0.0
      ],
      "call pc+125": [
        7,
        0,
        0.0
      ],
      "call pc+122": [
        7,
        0,
        0.0
      ],
      "call pc+119": [
        7,
        0,
        0.0
      ],
      "call pc+116": [
        7,
        0,
        0.0
      ],
      "call pc+113": [
        7,
        0,
        0.0
      ],
      "call pc+110": [
        7,
        0,
        0.0
      ],
      "call pc+107": [
        7,
        0,
        0.0
      ],
      "call pc+104": [
        7,
        0,
        0.0
      ],
      "call pc+101": [
        7,
        0,
        0.0
      ],
      "call pc+98": [
        7,
        0,
        0.0
      ],
      "call pc+95": [
        7,
        0,
        0.0
      ],
      "call pc+92": [
        7,
        0,
        0.0
      ],
      "call pc+89": [
        7,
        0,
        0.0
      ],
      "call pc+86": [
        7,
        0,
        0.0
      ],
      "call pc+83": [
        7,
        0,
        0.0
      ],
      "call pc+80": [
        7,
        0,
        0.0
      ],
      "call pc+77": [
        7,
        0,
        0.0
      ],
      "call pc+74": [
        7,
        0,
        0.0
      ],
      "call pc+71": [
        7,
        0,
        0.0
      ],
      "call pc+68": [
        7,
        0,
        0.0
      ],
      "call pc+65": [
        7,
        0,
        0.0
      ],
      "call pc+62": [
        7,
        0,
        0.0
      ],
      "call pc+59": [
        7,
        0,
        0.0
      ],
      "call pc+56": [
        7,
        0,
        0.0
      ],
      "call pc+53": [
        7,
        0,
        0.0
      ],
      "call pc+50": [
        7,
        0,
        0.0
      ],
      "call pc+47": [
        7,
        0,
        0.0
      ],
      "call pc+44": [
        7,
        0,
        0.0
      ],
      "call pc+41": [
        7,
        0,
        0.0
      ],
      "call pc+38": [
        7,
        0,
        0.0
      ],
      "call pc+35": [
        7,
        0,
        0.0
      ],
      "call pc+32": [
        7,
        0,
        0.0
      ],
      "call pc+29": [
        7,
        0,
        0.0
      ],
      "call pc+26": [
        7,
        0,
        0.0
      ],
      "call pc+23": [
        7,
        0,
        0.0
      ],
      "call pc+20": [
        7,
        0,
        0.0
      ],
      "call pc+17": [
        7,
        0,
        0.0
      ],
      "call pc+14": [
        7,
        0,
        0.0
      ],
      "call pc+11": [
        7,
        0,
        0.0
      ],
      "call pc+8": [
        7,
        0,
        0.0
      ],
      "call pc+5": [
        7,
        0,
        0.0
      ],
      "call pc+2": [
        7,
        0,
        0.0
      ],
      "exit": [
        8,
        0,
        0.0
      ]
    },
    "analysis_time": "0.00s"
  },
  "site_tree": {
    "kernel/bpf/verifier.c:19997:bpf_check_btf_info_early": {
      "inclusive_duration": 1135,
      "exclusive_duration": 1135,
      "children_duration": 0,
      "children": []
    },
    "kernel/bpf/verifier.c:20001:add_subprog_and_kfunc": {
      "inclusive_duration": 10224,
      "exclusive_duration": 10224,
      "children_duration": 0,
      "children": []
    },
    "kernel/bpf/verifier.c:20005:check_subprogs": {
      "inclusive_duration": 3596,
      "exclusive_duration": 3596,
      "children_duration": 0,
      "children": []
    },
    "kernel/bpf/verifier.c:20009:bpf_check_btf_info": {
      "inclusive_duration": 1632,
      "exclusive_duration": 1632,
      "children_duration": 0,
      "children": []
    },
    "kernel/bpf/verifier.c:20013:check_and_resolve_insns": {
      "inclusive_duration": 25863,
      "exclusive_duration": 25863,
      "children_duration": 0,
      "children": []
    },
    "kernel/bpf/verifier.c:20017:bpf_prog_is_offloaded": {
      "inclusive_duration": 84,
      "exclusive_duration": 84,
      "children_duration": 0,
      "children": []
    },
    "kernel/bpf/verifier.c:20023:bpf_check_cfg": {
      "inclusive_duration": 36159,
      "exclusive_duration": 36159,
      "children_duration": 0,
      "children": []
    },
    "kernel/bpf/verifier.c:20027:bpf_compute_postorder": {
      "inclusive_duration": 15531,
      "exclusive_duration": 15531,
      "children_duration": 0,
      "children": []
    },
    "kernel/bpf/verifier.c:20031:bpf_stack_liveness_init": {
      "inclusive_duration": 563,
      "exclusive_duration": 563,
      "children_duration": 0,
      "children": []
    },
    "kernel/bpf/verifier.c:20035:check_attach_btf_id": {
      "inclusive_duration": 92,
      "exclusive_duration": 92,
      "children_duration": 0,
      "children": []
    },