{
  "program_name": "selftest_verif_scale_pyperf100-5",
  "verification_stats": {
    "subprog_cnt": 1,
    "insn_processed": 75818,
    "complexity_limit_insns": 1000000,
    "max_states_per_insn": 1,
    "total_states": 5791,
    "peak_states": 5791,
    "longest_mark_read_walk": 0
  },
  "stats": {
    "verification_time": 905552198,
    "program_length": 49793,
    "num_records": 178401,
    "num_record_sites": 44,
    "site_tree": {
      "kernel/bpf/verifier.c:20102:bpf_do_misc_fixups": [
        62.47490948059075,
        62.47490948059075,
        {}
      ],
      "kernel/bpf/verifier.c:20055:bpf_compute_live_registers": [
        19.959147401903827,
        19.959147401903827,
        {}
      ],
      "kernel/bpf/verifier.c:20063:do_check_main": [
        15.020017432501445,
        15.020017432501445,
        {
          "kernel/bpf/verifier.c:18807:do_check": [
            14.094871094333094,
            93.84057746719755,
            {
              "kernel/bpf/verifier.c:17790:do_check_insn": [
                6.390122416775361,
                45.336508393784015,
                {
                  "kernel/bpf/verifier.c:17642:check_cond_jmp_op": [
                    1.7587775762872147,
                    27.523378451562504,
                    {}
                  ],
                  "kernel/bpf/verifier.c:17629:check_helper_call": [
                    1.1012540218029487,
                    17.233692095036155,
                    {}
                  ],
                  "kernel/bpf/verifier.c:17578:check_alu_op": [
                    0.8263967573076334,
                    12.932408855551426,
                    {}
                  ],
                  "kernel/bpf/verifier.c:17583:check_load_mem": [
                    0.7019618542188111,
                    10.985108084565324,
                    {}
                  ],
                  "kernel/bpf/verifier.c:17588:check_store_reg": [
                    0.16614945039314014,
                    2.600098081954804,
                    {}
                  ],
                  "kernel/bpf/verifier.c:17651:check_ld_imm": [
                    0.01901458583837483,
                    0.2975621529324337,
                    {}
                  ],
                  "kernel/bpf/verifier.c:17640:process_bpf_exit_full": [
                    0.00011429490230225249,
                    0.0017886183526344551,
                    {}
                  ]
                }
              ],
              "kernel/bpf/verifier.c:17703:bpf_is_state_visited": [
                5.08302062560948,
                36.06290963280346,
                {
                  "kernel/bpf/states.c:1370:states_equal": [
                    0.903673804566261,
                    17.778283251760477,
                    {
                      "kernel/bpf/states.c:967:refsafe": [
                        0.0528448830511259,
                        5.847782992502479,
                        {}
                      ]
                    }
                  ],
                  "kernel/bpf/states.c:1382:propagate_precision": [
                    0.30294907417363476,
                    5.960020556424746,
                    {}
                  ]
                }
              ]
            }
          ],
          "kernel/bpf/verifier.c:18798:18708": [
            0.0003407865396181171,
            0.0022688824507000735,
            {}
          ]
        }
      ],
      "kernel/bpf/verifier.c:20039:bpf_compute_const_regs": [
        0.8019542126935459,
        0.8019542126935459,
        {}
      ],
      "kernel/bpf/verifier.c:20023:bpf_check_cfg": [
        0.25087189949043665,
        0.25087189949043665,
        {}
      ],
      "kernel/bpf/verifier.c:20009:bpf_check_btf_info": [
        0.1752515209509767,
        0.1752515209509767,
        {}
      ],
      "kernel/bpf/verifier.c:20051:bpf_compute_scc": [
        0.15244046704859304,
        0.15244046704859304,
        {}
      ],
      "kernel/bpf/verifier.c:20013:check_and_resolve_insns": [
        0.10624589086359879,
        0.10624589086359879,
        {}
      ],
      "kernel/bpf/verifier.c:20027:bpf_compute_postorder": [
        0.10081881552674449,
        0.10081881552674449,
        {}
      ],
      "kernel/bpf/verifier.c:20059:mark_fastcall_patterns": [
        0.06205108896439342,
        0.06205108896439342,
        {}
      ],
      "kernel/bpf/verifier.c:20076:bpf_remove_fastcall_spills_fills": [
        0.03125915884530822,
        0.03125915884530822,
        {}
      ],
      "kernel/bpf/verifier.c:20099:bpf_convert_ctx_accesses": [
        0.030070491861364793,
        0.030070491861364793,
        {}
      ],
      "kernel/bpf/verifier.c:20108:bpf_opt_subreg_zext_lo32_rnd_hi32": [
        0.0287152966526177,
        0.0287152966526177,
        {}
      ],
      "kernel/bpf/verifier.c:20043:bpf_prune_dead_branches": [
        0.022883937608199588,
        0.022883937608199588,
        {}
      ],
      "kernel/bpf/verifier.c:20089:bpf_opt_remove_dead_code": [
        0.02151582210614876,
        0.02151582210614876,
        {}
      ],
      "kernel/bpf/verifier.c:20005:check_subprogs": [
        0.01741997869900814,
        0.01741997869900814,
        {}
      ],
      "kernel/bpf/verifier.c:20087:bpf_opt_hard_wire_dead_code_branches": [
        0.009509777590976595,
        0.009509777590976595,
        {}
      ],
      "kernel/bpf/verifier.c:20083:bpf_optimize_bpf_loop": [
        0.009336071425448629,
        0.009336071425448629,
        {}
      ],
      "kernel/bpf/verifier.c:20079:check_max_stack_depth": [
        0.008851173922058107,
        0.008851173922058107,
        {}
      ],
      "kernel/bpf/verifier.c:20001:add_subprog_and_kfunc": [
        0.007408076546902711,
        0.007408076546902711,
        {}
      ],
      "kernel/bpf/verifier.c:20091:bpf_opt_remove_nops": [
        0.006663448019149968,
        0.006663448019149968,
        {}
      ],
      "kernel/bpf/verifier.c:20047:sort_subprogs_topo": [
        0.004477378564101283,
        0.004477378564101283,
        {}
      ],
      "kernel/bpf/verifier.c:20031:bpf_stack_liveness_init": [
        0.00025166964477954924,
        0.00025166964477954924,
        {}
      ],
      "kernel/bpf/verifier.c:19997:bpf_check_btf_info_early": [
        0.00021445478287050658,
        0.00021445478287050658,
        {}
      ],
      "kernel/bpf/verifier.c:20035:check_attach_btf_id": [
        4.3509363774963745e-05,
        4.3509363774963745e-05,
        {}
      ],
      "kernel/bpf/verifier.c:20064:do_check_subprogs": [
        2.9263912183668512e-05,
        2.9263912183668512e-05,
        {}
      ],
      "kernel/bpf/verifier.c:20114:bpf_fixup_call_args": [
        2.3190270032341085e-05,
        2.3190270032341085e-05,
        {}
      ],
      "kernel/bpf/verifier.c:20107:bpf_prog_is_offloaded": [
        1.7447917452904244e-05,
        1.7447917452904244e-05,
        {}
      ],
      "kernel/bpf/verifier.c:20066:bpf_prog_is_offloaded": [
        1.2036854445357991e-05,
        1.2036854445357991e-05,
        {}
      ],
      "kernel/bpf/verifier.c:20017:bpf_prog_is_offloaded": [
        1.0159546871311333e-05,
        1.0159546871311333e-05,
        {}
      ]
    },
    "durations_per_insn_type": {
      "call bpf_get_current_pid_tgid": [
        5,
        1623156,
        324631.2
      ],
      "and": [
        5,
        123632,
        24726.4
      ],
      "jne32": [
        515,
        6603933,
        12823.170873786408
      ],
      "jeq": [
        2545,
        16992527,
        6676.8278978389
      ],
      "jne": [
        990,
        5354603,
        5408.689898989899
      ],
      "call bpf_probe_read_user_str": [
        1000,
        4944681,
        4944.681
      ],
      "ldx": [
        12940,
        41057760,
        3172.933539412674
      ],