{
  "program_name": "selftest_snprintf-7",
  "verification_stats": {
    "subprog_cnt": 1,
    "insn_processed": 18152,
    "complexity_limit_insns": 1000000,
    "max_states_per_insn": 4,
    "total_states": 629,
    "peak_states": 623,
    "longest_mark_read_walk": 0
  },
  "stats": {
    "verification_time": 43980945,
    "program_length": 4350,
    "num_records": 43397,
    "num_record_sites": 44,
    "site_tree": {
      "kernel/bpf/verifier.c:20063:do_check_main": [
        57.49895096615136,
        57.49895096615136,
        {
          "kernel/bpf/verifier.c:18807:do_check": [
            56.22188654654874,
            97.77897788021487,
            {
              "kernel/bpf/verifier.c:17790:do_check_insn": [
                35.98025690443896,
                63.99688646991455,
                {
                  "kernel/bpf/verifier.c:17642:check_cond_jmp_op": [
                    8.499105692249223,
                    23.621581454580085,
                    {}
                  ],
                  "kernel/bpf/verifier.c:17578:check_alu_op": [
                    6.214809618119848,
                    17.27283280557431,
                    {}
                  ],
                  "kernel/bpf/verifier.c:17583:check_load_mem": [
                    1.7660079836847524,
                    4.9082695222970365,
                    {}
                  ],
                  "kernel/bpf/verifier.c:17629:check_helper_call": [
                    1.2198373636582842,
                    3.390296425337059,
                    {}
                  ],
                  "kernel/bpf/verifier.c:17651:check_ld_imm": [
                    0.6160486092329303,
                    1.7121851321659882,
                    {}
                  ],
                  "kernel/bpf/verifier.c:17588:check_store_reg": [
                    0.3568272578044878,
                    0.991730711518253,
                    {}
                  ],
                  "kernel/bpf/verifier.c:17640:process_bpf_exit_full": [
                    0.0011800564994681219,
                    0.0032797333899039945,
                    {}
                  ]
                }
              ],
              "kernel/bpf/verifier.c:17703:bpf_is_state_visited": [
                8.139343072323706,
                14.477178857356135,
                {
                  "kernel/bpf/states.c:1370:states_equal": [
                    1.083928505856343,
                    13.317149753056071,
                    {
                      "kernel/bpf/states.c:967:refsafe": [
                        0.2014599731770202,
                        18.586094201652116,
                        {}
                      ]
                    }
                  ],
                  "kernel/bpf/states.c:1382:propagate_precision": [
                    0.26474874516679897,
                    3.252704091894429,
                    {}
                  ]
                }
              ]
            }
          ],
          "kernel/bpf/verifier.c:18798:18708": [
            0.0056137947922674245,
            0.009763299500145955,
            {}
          ]
        }
      ],
      "kernel/bpf/verifier.c:20055:bpf_compute_live_registers": [
        29.38456870356014,
        29.38456870356014,
        {}
      ],
      "kernel/bpf/verifier.c:20091:bpf_opt_remove_nops": [
        3.902242209666027,
        3.902242209666027,
        {}
      ],
      "kernel/bpf/verifier.c:20023:bpf_check_cfg": [
        2.990713364617336,
        2.990713364617336,
        {}
      ],
      "kernel/bpf/verifier.c:20039:bpf_compute_const_regs": [
        1.568540648683197,
        1.568540648683197,
        {}
      ],
      "kernel/bpf/verifier.c:20102:bpf_do_misc_fixups": [
        1.31973289796297,
        1.31973289796297,
        {}
      ],
      "kernel/bpf/verifier.c:20051:bpf_compute_scc": [
        0.2894321620419934,
        0.2894321620419934,
        {}
      ],
      "kernel/bpf/verifier.c:20013:check_and_resolve_insns": [
        0.2560972712159777,
        0.2560972712159777,
        {}
      ],
      "kernel/bpf/verifier.c:20027:bpf_compute_postorder": [
        0.2540895835685204,
        0.2540895835685204,
        {}
      ],
      "kernel/bpf/verifier.c:20009:bpf_check_btf_info": [
        0.23988570504794746,
        0.23988570504794746,
        {}
      ],
      "kernel/bpf/verifier.c:20089:bpf_opt_remove_dead_code": [
        0.1886839857579231,
        0.1886839857579231,
        {}
      ],
      "kernel/bpf/verifier.c:20043:bpf_prune_dead_branches": [
        0.15664511074057186,
        0.15664511074057186,
        {}
      ],
      "kernel/bpf/verifier.c:20059:mark_fastcall_patterns": [
        0.14845520031459078,
        0.14845520031459078,
        {}
      ],
      "kernel/bpf/verifier.c:20005:check_subprogs": [
        0.04388264053898796,
        0.04388264053898796,
        {}
      ],
      "kernel/bpf/verifier.c:20099:bpf_convert_ctx_accesses": [
        0.042984524320702974,
        0.042984524320702974,
        {}
      ],
      "kernel/bpf/verifier.c:20108:bpf_opt_subreg_zext_lo32_rnd_hi32": [
        0.03601104978531044,
        0.03601104978531044,
        {}
      ],
      "kernel/bpf/verifier.c:20076:bpf_remove_fastcall_spills_fills": [
        0.03524480885983691,
        0.03524480885983691,
        {}
      ],
      "kernel/bpf/verifier.c:20035:check_attach_btf_id": [
        0.029385453177506758,
        0.029385453177506758,
        {}
      ],
      "kernel/bpf/verifier.c:20079:check_max_stack_depth": [
        0.025556522262084182,
        0.025556522262084182,
        {}
      ],
      "kernel/bpf/verifier.c:20001:add_subprog_and_kfunc": [
        0.02313274532868723,
        0.02313274532868723,
        {}
      ],
      "kernel/bpf/verifier.c:20083:bpf_optimize_bpf_loop": [
        0.019265161310199223,
        0.019265161310199223,
        {}
      ],
      "kernel/bpf/verifier.c:20047:sort_subprogs_topo": [
        0.018769492106183713,
        0.018769492106183713,
        {}
      ],
      "kernel/bpf/verifier.c:20087:bpf_opt_hard_wire_dead_code_branches": [
        0.01864443794920732,
        0.01864443794920732,
        {}
      ],
      "kernel/bpf/verifier.c:20031:bpf_stack_liveness_init": [
        0.003026310598828652,
        0.003026310598828652,
        {}
      ],
      "kernel/bpf/verifier.c:19997:bpf_check_btf_info_early": [
        0.002803486828216174,
        0.002803486828216174,
        {}
      ],
      "kernel/bpf/verifier.c:20064:do_check_subprogs": [
        0.00045246867706003134,
        0.00045246867706003134,
        {}
      ],
      "kernel/bpf/verifier.c:20114:bpf_fixup_call_args": [
        0.0004365526934448543,
        0.0004365526934448543,
        {}
      ],
      "kernel/bpf/verifier.c:20107:bpf_prog_is_offloaded": [
        0.00023646604228262945,
        0.00023646604228262945,
        {}
      ],
      "kernel/bpf/verifier.c:20017:bpf_prog_is_offloaded": [
        0.0002000866511622249,
        0.0002000866511622249,
        {}
      ],
      "kernel/bpf/verifier.c:20066:bpf_prog_is_offloaded": [
        0.00017734953171197207,
        0.00017734953171197207,
        {}
      ]
    },
    "durations_per_insn_type": {
      "jne32": [
        63,
        3071494,
        48753.87301587302
      ],
      "call bpf_trace_printk": [
        111,
        4075966,
        36720.414414414416
      ],
      "sub": [
        45,
        1442172,
        32048.266666666666
      ],
      "jlt": [
        3,
        38020,
        12673.333333333334
      ],
      "jgt": [
        42,
        419043,
        9977.214285714286
      ],
      "jeq32": [
        93,
        905266,
        9734.043010752688
      ],
      "add": [
        404,
        3306083,
        8183.373762376237
      ],
      "ldx": [
        373,
        1404932,
        3766.573726541555
      ],
      "jslt32": [
        1,
        3615,
        3615.0
      ],