{
  "program_name": "selftest_verifier_liveness_exp_4",
  "verification_stats": {
    "subprog_cnt": 8,
    "insn_processed": 0,
    "complexity_limit_insns": 1000000,
    "max_states_per_insn": 0,
    "total_states": 0,
    "peak_states": 0,
    "longest_mark_read_walk": 0
  },
  "stats": {
    "verification_time": 317234425,
    "program_length": 1066,
    "num_records": 17,
    "num_record_sites": 15,
    "site_tree": {
      "kernel/bpf/verifier.c:20055:bpf_compute_live_registers": [
        98.17660520291895,
        98.17660520291895,
        {}
      ],
      "kernel/bpf/verifier.c:20039:bpf_compute_const_regs": [
        0.05756972938860592,
        0.05756972938860592,
        {}
      ],
      "kernel/bpf/verifier.c:20023:bpf_check_cfg": [
        0.01173863775975763,
        0.01173863775975763,
        {}
      ],
      "kernel/bpf/verifier.c:20051:bpf_compute_scc": [
        0.009619700005760724,
        0.009619700005760724,
        {}
      ],
      "kernel/bpf/verifier.c:20013:check_and_resolve_insns": [
        0.0072952360072523655,
        0.0072952360072523655,
        {}
      ],
      "kernel/bpf/verifier.c:20027:bpf_compute_postorder": [
        0.005605003303156648,
        0.005605003303156648,
        {}
      ],
      "kernel/bpf/verifier.c:20001:add_subprog_and_kfunc": [
        0.003688124326355817,
        0.003688124326355817,
        {}
      ],
      "kernel/bpf/verifier.c:20047:sort_subprogs_topo": [
        0.0034315317450178996,
        0.0034315317450178996,
        {}
      ],
      "kernel/bpf/verifier.c:20043:bpf_prune_dead_branches": [
        0.001191547859284187,
        0.001191547859284187,
        {}
      ],
      "kernel/bpf/verifier.c:20005:check_subprogs": [
        0.0011858738218590242,
        0.0011858738218590242,
        {}
      ],
      "kernel/bpf/verifier.c:20009:bpf_check_btf_info": [
        0.0010585232040942593,
        0.0010585232040942593,
        {}
      ],
      "kernel/bpf/verifier.c:19997:bpf_check_btf_info_early": [
        0.0008139091462094632,
        0.0008139091462094632,
        {}
      ],
      "kernel/bpf/verifier.c:20031:bpf_stack_liveness_init": [
        0.00043784655464172907,
        0.00043784655464172907,
        {}
      ],
      "kernel/bpf/verifier.c:20035:check_attach_btf_id": [
        5.232723403205689e-05,
        5.232723403205689e-05,
        {}
      ],
      "kernel/bpf/verifier.c:20017:bpf_prog_is_offloaded": [
        5.138156112786309e-05,
        5.138156112786309e-05,
        {}
      ]
    },
    "durations_per_insn_type": {
      "mov": [
        358,
        0,
        0.0
      ],
      "add": [
        350,
        0,
        0.0
      ],
      "call pc+149": [
        7,
        0,
        0.0
      ],
      "call pc+146": [
        7,
        0,
        0.0
      ],
      "call pc+143": [
        7,
        0,
        0.0
      ],
      "call pc+140": [
        7,
        0,
        0.0
      ],
      "call pc+137": [
        7,
        0,
        0.0
      ],
      "call pc+134": [
        7,
        0,
        0.0
      ],
      "call pc+131": [
        7,
        0,
        0.0
      ],
      "call pc+128": [
        7,
        0,
        0.0
      ],
      "call pc+125": [
        7,
        0,
        0.0
      ],
      "call pc+122": [
        7,
        0,
        0.0
      ],
      "call pc+119": [
        7,
        0,
        0.0
      ],
      "call pc+116": [
        7,
        0,
        0.0
      ],
      "call pc+113": [
        7,
        0,
        0.0
      ],
      "call pc+110": [
        7,
        0,
        0.0
      ],
      "call pc+107": [
        7,
        0,
        0.0
      ],
      "call pc+104": [
        7,
        0,
        0.0
      ],
      "call pc+101": [
        7,
        0,
        0.0
      ],
      "call pc+98": [
        7,
        0,
        0.0
      ],
      "call pc+95": [
        7,
        0,
        0.0
      ],
      "call pc+92": [
        7,
        0,
        0.0
      ],
      "call pc+89": [
        7,
        0,
        0.0
      ],
      "call pc+86": [
        7,
        0,
        0.0
      ],
      "call pc+83": [
        7,
        0,
        0.0
      ],
      "call pc+80": [
        7,
        0,
        0.0
      ],
      "call pc+77": [
        7,
        0,
        0.0
      ],
      "call pc+74": [
        7,
        0,
        0.0
      ],
      "call pc+71": [
        7,
        0,
        0.0
      ],
      "call pc+68": [
        7,
        0,
        0.0
      ],
      "call pc+65": [
        7,
        0,
        0.0
      ],
      "call pc+62": [
        7,
        0,
        0.0
      ],
      "call pc+59": [
        7,
        0,
        0.0
      ],
      "call pc+56": [
        7,
        0,
        0.0
      ],
      "call pc+53": [
        7,
        0,
        0.0
      ],
      "call pc+50": [
        7,
        0,
        0.0
      ],
      "call pc+47": [
        7,
        0,
        0.0
      ],
      "call pc+44": [
        7,
        0,
        0.0
      ],
      "call pc+41": [
        7,
        0,
        0.0
      ],
      "call pc+38": [
        7,
        0,
        0.0
      ],
      "call pc+35": [
        7,
        0,
        0.0
      ],
      "call pc+32": [
        7,
        0,
        0.0
      ],
      "call pc+29": [
        7,
        0,
        0.0
      ],
      "call pc+26": [
        7,
        0,
        0.0
      ],
      "call pc+23": [
        7,
        0,
        0.0
      ],
      "call pc+20": [
        7,
        0,
        0.0
      ],
      "call pc+17": [
        7,
        0,
        0.0
      ],
      "call pc+14": [
        7,
        0,
        0.0
      ],
      "call pc+11": [
        7,
        0,
        0.0
      ],
      "call pc+8": [
        7,
        0,
        0.0
      ],
      "call pc+5": [
        7,
        0,
        0.0
      ],
      "call pc+2": [
        7,
        0,
        0.0
      ],
      "exit": [
        8,
        0,
        0.0
      ]
    },
    "analysis_time": "0.02s"
  },
  "site_tree": {
    "kernel/bpf/verifier.c:19997:bpf_check_btf_info_early": {
      "inclusive_duration": 2582,
      "exclusive_duration": 2582,
      "children_duration": 0,
      "children": []
    },
    "kernel/bpf/verifier.c:20001:add_subprog_and_kfunc": {
      "inclusive_duration": 11700,
      "exclusive_duration": 11700,
      "children_duration": 0,
      "children": []
    },
    "kernel/bpf/verifier.c:20005:check_subprogs": {
      "inclusive_duration": 3762,
      "exclusive_duration": 3762,
      "children_duration": 0,
      "children": []
    },
    "kernel/bpf/verifier.c:20009:bpf_check_btf_info": {
      "inclusive_duration": 3358,
      "exclusive_duration": 3358,
      "children_duration": 0,
      "children": []
    },
    "kernel/bpf/verifier.c:20013:check_and_resolve_insns": {
      "inclusive_duration": 23143,
      "exclusive_duration": 23143,
      "children_duration": 0,
      "children": []
    },
    "kernel/bpf/verifier.c:20017:bpf_prog_is_offloaded": {
      "inclusive_duration": 163,
      "exclusive_duration": 163,
      "children_duration": 0,
      "children": []
    },
    "kernel/bpf/verifier.c:20023:bpf_check_cfg": {
      "inclusive_duration": 37239,
      "exclusive_duration": 37239,
      "children_duration": 0,
      "children": []
    },
    "kernel/bpf/verifier.c:20027:bpf_compute_postorder": {
      "inclusive_duration": 17781,
      "exclusive_duration": 17781,
      "children_duration": 0,
      "children": []
    },
    "kernel/bpf/verifier.c:20031:bpf_stack_liveness_init": {
      "inclusive_duration": 1389,
      "exclusive_duration": 1389,
      "children_duration": 0,
      "children": []
    },
    "kernel/bpf/verifier.c:20035:check_attach_btf_id": {
      "inclusive_duration": 166,
      "exclusive_duration": 166,
      "children_duration": 0,
      "children": []
    },