{
  "program_name": "selftest_test_bpf_ma-8",
  "verification_stats": {
    "subprog_cnt": 1,
    "insn_processed": 49920,
    "complexity_limit_insns": 1000000,
    "max_states_per_insn": 11,
    "total_states": 2460,
    "peak_states": 249,
    "longest_mark_read_walk": 0
  },
  "stats": {
    "verification_time": 77572773,
    "program_length": 268,
    "num_records": 156942,
    "num_record_sites": 45,
    "site_tree": {
      "kernel/bpf/verifier.c:20063:do_check_main": [
        98.23795392746885,
        98.23795392746885,
        {
          "kernel/bpf/verifier.c:18807:do_check": [
            98.04865812905773,
            99.8073088955508,
            {
              "kernel/bpf/verifier.c:17790:do_check_insn": [
                43.20722555580165,
                44.06712583351178,
                {
                  "kernel/bpf/verifier.c:17642:check_cond_jmp_op": [
                    15.797823806040812,
                    36.56292113835937,
                    {}
                  ],
                  "kernel/bpf/verifier.c:17628:check_kfunc_call": [
                    5.592462190309995,
                    12.943349447622813,
                    {}
                  ],
                  "kernel/bpf/verifier.c:17578:check_alu_op": [
                    4.2427953426390985,
                    9.8196430991839,
                    {}
                  ],
                  "kernel/bpf/verifier.c:17629:check_helper_call": [
                    2.678822632781221,
                    6.199941325372885,
                    {}
                  ],
                  "kernel/bpf/verifier.c:17583:check_load_mem": [
                    0.8517872630387984,
                    1.9714000426588945,
                    {}
                  ],
                  "kernel/bpf/verifier.c:17588:check_store_reg": [
                    0.4885193417025327,
                    1.130642700192854,
                    {}
                  ],
                  "kernel/bpf/verifier.c:17651:check_ld_imm": [
                    0.30367871469542546,
                    0.7028424315355027,
                    {}
                  ],
                  "kernel/bpf/verifier.c:17640:process_bpf_exit_full": [
                    0.001326496346856132,
                    0.003070079899351503,
                    {}
                  ]
                }
              ],
              "kernel/bpf/verifier.c:17703:bpf_is_state_visited": [
                31.333433187956295,
                31.957023977537034,
                {
                  "kernel/bpf/states.c:1370:states_equal": [
                    9.58749018808442,
                    30.598275428591037,
                    {
                      "kernel/bpf/states.c:967:refsafe": [
                        2.443027271952751,
                        25.481405707084924,
                        {}
                      ]
                    }
                  ],
                  "kernel/bpf/states.c:1382:propagate_precision": [
                    1.70995692006524,
                    5.457291927788175,
                    {}
                  ]
                }
              ]
            }
          ],
          "kernel/bpf/verifier.c:18798:18708": [
            0.0020200386545418457,
            0.0020562710986766707,
            {}
          ]
        }
      ],
      "kernel/bpf/verifier.c:20055:bpf_compute_live_registers": [
        1.1936494780198201,
        1.1936494780198201,
        {}
      ],
      "kernel/bpf/verifier.c:20102:bpf_do_misc_fixups": [
        0.17276422489112256,
        0.17276422489112256,
        {}
      ],
      "kernel/bpf/verifier.c:20039:bpf_compute_const_regs": [
        0.07185897557123554,
        0.07185897557123554,
        {}
      ],
      "kernel/bpf/verifier.c:20001:add_subprog_and_kfunc": [
        0.04361066221005146,
        0.04361066221005146,
        {}
      ],
      "kernel/bpf/verifier.c:20023:bpf_check_cfg": [
        0.03417693989101047,
        0.03417693989101047,
        {}
      ],
      "kernel/bpf/verifier.c:20035:check_attach_btf_id": [
        0.021417308364108628,
        0.021417308364108628,
        {}
      ],
      "kernel/bpf/verifier.c:20013:check_and_resolve_insns": [
        0.016904126915767214,
        0.016904126915767214,
        {}
      ],
      "kernel/bpf/verifier.c:20051:bpf_compute_scc": [
        0.012176952859478157,
        0.012176952859478157,
        {}
      ],
      "kernel/bpf/verifier.c:20059:mark_fastcall_patterns": [
        0.010512709143451659,
        0.010512709143451659,
        {}
      ],
      "kernel/bpf/verifier.c:20009:bpf_check_btf_info": [
        0.009810143051093454,
        0.009810143051093454,
        {}
      ],
      "kernel/bpf/verifier.c:20027:bpf_compute_postorder": [
        0.006659553088298133,
        0.006659553088298133,
        {}
      ],
      "kernel/bpf/verifier.c:20099:bpf_convert_ctx_accesses": [
        0.0028347574992581485,
        0.0028347574992581485,
        {}
      ],
      "kernel/bpf/verifier.c:20108:bpf_opt_subreg_zext_lo32_rnd_hi32": [
        0.0025511528381227263,
        0.0025511528381227263,
        {}
      ],
      "kernel/bpf/verifier.c:20076:bpf_remove_fastcall_spills_fills": [
        0.00246736055187817,
        0.00246736055187817,
        {}
      ],
      "kernel/bpf/verifier.c:20005:check_subprogs": [
        0.0024003267228825246,
        0.0024003267228825246,
        {}
      ],
      "kernel/bpf/verifier.c:20047:sort_subprogs_topo": [
        0.002364231584192562,
        0.002364231584192562,
        {}
      ],
      "kernel/bpf/verifier.c:20079:check_max_stack_depth": [
        0.002129613182707804,
        0.002129613182707804,
        {}
      ],
      "kernel/bpf/verifier.c:20043:bpf_prune_dead_branches": [
        0.002054844681135738,
        0.002054844681135738,
        {}
      ],
      "kernel/bpf/verifier.c:19997:bpf_check_btf_info_early": [
        0.0016887368458518301,
        0.0016887368458518301,
        {}
      ],
      "kernel/bpf/verifier.c:20087:bpf_opt_hard_wire_dead_code_branches": [
        0.0015482236273801893,
        0.0015482236273801893,
        {}
      ],
      "kernel/bpf/verifier.c:20031:bpf_stack_liveness_init": [
        0.0013355201315286228,
        0.0013355201315286228,
        {}
      ],
      "kernel/bpf/verifier.c:20083:bpf_optimize_bpf_loop": [
        0.001129262196157407,
        0.001129262196157407,
        {}
      ],
      "kernel/bpf/verifier.c:20089:bpf_opt_remove_dead_code": [
        0.0008998002430569293,
        0.0008998002430569293,
        {}
      ],
      "kernel/bpf/verifier.c:20091:bpf_opt_remove_nops": [
        0.000818586181004513,
        0.000818586181004513,
        {}
      ],
      "kernel/bpf/verifier.c:20064:do_check_subprogs": [
        0.0002281728410044076,
        0.0002281728410044076,
        {}
      ],
      "kernel/bpf/verifier.c:20114:bpf_fixup_call_args": [
        0.00019078859021837467,
        0.00019078859021837467,
        {}
      ],
      "kernel/bpf/verifier.c:20107:bpf_prog_is_offloaded": [
        0.00013148943379915013,
        0.00013148943379915013,
        {}
      ],
      "kernel/bpf/verifier.c:20066:bpf_prog_is_offloaded": [
        0.00010183985558953784,
        0.00010183985558953784,
        {}
      ],
      "kernel/bpf/verifier.c:20017:bpf_prog_is_offloaded": [
        9.926163139739763e-05,
        9.926163139739763e-05,
        {}
      ]
    },
    "durations_per_insn_type": {
      "add": [
        18,
        17780443,
        987802.3888888889
      ],
      "jeq": [
        27,
        20299788,
        751844.0
      ],
      "jeq32": [
        9,
        2886492,
        320721.3333333333
      ],
      "call kernel-function": [
        18,
        5407586,
        300421.44444444444
      ],
      "call bpf_kptr_xchg": [
        9,
        1715853,
        190650.33333333334
      ],