{
  "program_name": "selftest_snprintf_7",
  "verification_stats": {
    "subprog_cnt": 1,
    "insn_processed": 18152,
    "complexity_limit_insns": 1000000,
    "max_states_per_insn": 4,
    "total_states": 629,
    "peak_states": 623,
    "longest_mark_read_walk": 0
  },
  "stats": {
    "verification_time": 63624684,
    "program_length": 4350,
    "num_records": 43397,
    "num_record_sites": 44,
    "site_tree": {
      "kernel/bpf/verifier.c:20063:do_check_main": [
        68.32533423663055,
        68.32533423663055,
        {
          "kernel/bpf/verifier.c:18807:do_check": [
            66.32262723693842,
            97.06886615035621,
            {
              "kernel/bpf/verifier.c:17790:do_check_insn": [
                38.237081067467464,
                57.65314593293328,
                {
                  "kernel/bpf/verifier.c:17642:check_cond_jmp_op": [
                    9.539668597803958,
                    24.948736492128358,
                    {}
                  ],
                  "kernel/bpf/verifier.c:17578:check_alu_op": [
                    5.418307460670453,
                    14.170295716637247,
                    {}
                  ],
                  "kernel/bpf/verifier.c:17583:check_load_mem": [
                    1.5168719737767185,
                    3.9670182227044792,
                    {}
                  ],
                  "kernel/bpf/verifier.c:17629:check_helper_call": [
                    1.351882549231993,
                    3.5355275860274538,
                    {}
                  ],
                  "kernel/bpf/verifier.c:17651:check_ld_imm": [
                    0.7836109645746924,
                    2.0493482836518013,
                    {}
                  ],
                  "kernel/bpf/verifier.c:17588:check_store_reg": [
                    0.2978718133987117,
                    0.7790129504737338,
                    {}
                  ],
                  "kernel/bpf/verifier.c:17640:process_bpf_exit_full": [
                    0.0009320282046508866,
                    0.0024374983095764254,
                    {}
                  ]
                }
              ],
              "kernel/bpf/verifier.c:17703:bpf_is_state_visited": [
                10.12170842373064,
                15.261320073420356,
                {
                  "kernel/bpf/states.c:1370:states_equal": [
                    1.2260037315077275,
                    12.112616568101547,
                    {
                      "kernel/bpf/states.c:967:refsafe": [
                        0.297018371046055,
                        24.226547066115756,
                        {}
                      ]
                    }
                  ],
                  "kernel/bpf/states.c:1382:propagate_precision": [
                    0.389435332991202,
                    3.8475257010778883,
                    {}
                  ]
                }
              ]
            }
          ],
          "kernel/bpf/verifier.c:18798:18708": [
            0.004641280418775833,
            0.006792912864065508,
            {}
          ]
        }
      ],
      "kernel/bpf/verifier.c:20055:bpf_compute_live_registers": [
        22.391158752159775,
        22.391158752159775,
        {}
      ],
      "kernel/bpf/verifier.c:20091:bpf_opt_remove_nops": [
        2.61834699249744,
        2.61834699249744,
        {}
      ],
      "kernel/bpf/verifier.c:20023:bpf_check_cfg": [
        1.6180276824636175,
        1.6180276824636175,
        {}
      ],
      "kernel/bpf/verifier.c:20039:bpf_compute_const_regs": [
        1.240949188839979,
        1.240949188839979,
        {}
      ],
      "kernel/bpf/verifier.c:20102:bpf_do_misc_fixups": [
        0.9542161341029214,
        0.9542161341029214,
        {}
      ],
      "kernel/bpf/verifier.c:20009:bpf_check_btf_info": [
        0.455515032499022,
        0.455515032499022,
        {}
      ],
      "kernel/bpf/verifier.c:20013:check_and_resolve_insns": [
        0.37104624362456556,
        0.37104624362456556,
        {}
      ],
      "kernel/bpf/verifier.c:20051:bpf_compute_scc": [
        0.1763623690453221,
        0.1763623690453221,
        {}
      ],
      "kernel/bpf/verifier.c:20089:bpf_opt_remove_dead_code": [
        0.14566202010527865,
        0.14566202010527865,
        {}
      ],
      "kernel/bpf/verifier.c:20027:bpf_compute_postorder": [
        0.14150640025182679,
        0.14150640025182679,
        {}
      ],
      "kernel/bpf/verifier.c:20043:bpf_prune_dead_branches": [
        0.1104571301289292,
        0.1104571301289292,
        {}
      ],
      "kernel/bpf/verifier.c:20059:mark_fastcall_patterns": [
        0.09798084026633436,
        0.09798084026633436,
        {}
      ],
      "kernel/bpf/verifier.c:20099:bpf_convert_ctx_accesses": [
        0.031877565002916164,
        0.031877565002916164,
        {}
      ],
      "kernel/bpf/verifier.c:20005:check_subprogs": [
        0.03044573077958234,
        0.03044573077958234,
        {}
      ],
      "kernel/bpf/verifier.c:20108:bpf_opt_subreg_zext_lo32_rnd_hi32": [
        0.026667323015702522,
        0.026667323015702522,
        {}
      ],
      "kernel/bpf/verifier.c:20076:bpf_remove_fastcall_spills_fills": [
        0.025716434206573033,
        0.025716434206573033,
        {}
      ],
      "kernel/bpf/verifier.c:20035:check_attach_btf_id": [
        0.019405990291440973,
        0.019405990291440973,
        {}
      ],
      "kernel/bpf/verifier.c:20079:check_max_stack_depth": [
        0.019005202446270696,
        0.019005202446270696,
        {}
      ],
      "kernel/bpf/verifier.c:20047:sort_subprogs_topo": [
        0.016675917793163422,
        0.016675917793163422,
        {}
      ],
      "kernel/bpf/verifier.c:20001:add_subprog_and_kfunc": [
        0.015552140109646753,
        0.015552140109646753,
        {}
      ],
      "kernel/bpf/verifier.c:20087:bpf_opt_hard_wire_dead_code_branches": [
        0.014048006902478288,
        0.014048006902478288,
        {}
      ],
      "kernel/bpf/verifier.c:20083:bpf_optimize_bpf_loop": [
        0.013325017064131901,
        0.013325017064131901,
        {}
      ],
      "kernel/bpf/verifier.c:20031:bpf_stack_liveness_init": [
        0.004976056148271008,
        0.004976056148271008,
        {}
      ],
      "kernel/bpf/verifier.c:19997:bpf_check_btf_info_early": [
        0.0034011956743077894,
        0.0034011956743077894,
        {}
      ],
      "kernel/bpf/verifier.c:20114:bpf_fixup_call_args": [
        0.0004495110734066671,
        0.0004495110734066671,
        {}
      ],
      "kernel/bpf/verifier.c:20064:do_check_subprogs": [
        0.0004055029962899305,
        0.0004055029962899305,
        {}
      ],
      "kernel/bpf/verifier.c:20107:bpf_prog_is_offloaded": [
        0.000292339369418322,
        0.000292339369418322,
        {}
      ],
      "kernel/bpf/verifier.c:20066:bpf_prog_is_offloaded": [
        0.0002781939160593709,
        0.0002781939160593709,
        {}
      ],
      "kernel/bpf/verifier.c:20017:bpf_prog_is_offloaded": [
        0.0002734787649397206,
        0.0002734787649397206,
        {}
      ]
    },
    "durations_per_insn_type": {
      "jne32": [
        63,
        5466709,
        86773.15873015873
      ],
      "sub": [
        45,
        2510617,
        55791.48888888889
      ],
      "call bpf_trace_printk": [
        111,
        4994255,
        44993.28828828829
      ],
      "jlt": [
        3,
        54738,
        18246.0
      ],
      "jeq32": [
        93,
        1500609,
        16135.58064516129
      ],
      "jgt": [
        42,
        676350,
        16103.57142857143
      ],
      "add": [
        404,
        4662836,
        11541.673267326732
      ],
      "jslt32": [
        1,
        6076,
        6076.0
      ],
      "mov": [
        813,
        4855204,
        5971.960639606396
      ],