{
  "program_name": "selftest_test_profiler-12",
  "verification_stats": {
    "subprog_cnt": 1,
    "insn_processed": 3600,
    "complexity_limit_insns": 1000000,
    "max_states_per_insn": 1,
    "total_states": 287,
    "peak_states": 287,
    "longest_mark_read_walk": 0
  },
  "stats": {
    "verification_time": 17412122,
    "program_length": 3096,
    "num_records": 8375,
    "num_record_sites": 44,
    "site_tree": {
      "kernel/bpf/verifier.c:20055:bpf_compute_live_registers": [
        56.618147977598596,
        56.618147977598596,
        {}
      ],
      "kernel/bpf/verifier.c:20063:do_check_main": [
        27.844211061695983,
        27.844211061695983,
        {
          "kernel/bpf/verifier.c:18807:do_check": [
            26.481935975408394,
            95.10751055840973,
            {
              "kernel/bpf/verifier.c:17790:do_check_insn": [
                12.906209823248425,
                48.73589995547668,
                {
                  "kernel/bpf/verifier.c:17642:check_cond_jmp_op": [
                    2.5397593699377943,
                    19.678584222014067,
                    {}
                  ],
                  "kernel/bpf/verifier.c:17578:check_alu_op": [
                    2.5032273493144603,
                    19.395526522475297,
                    {}
                  ],
                  "kernel/bpf/verifier.c:17629:check_helper_call": [
                    2.178051589576503,
                    16.875997054170774,
                    {}
                  ],
                  "kernel/bpf/verifier.c:17583:check_load_mem": [
                    0.5837772099230639,
                    4.52322732946341,
                    {}
                  ],
                  "kernel/bpf/verifier.c:17588:check_store_reg": [
                    0.469466042105609,
                    3.6375206085673795,
                    {}
                  ],
                  "kernel/bpf/verifier.c:17651:check_ld_imm": [
                    0.043527147351712786,
                    0.33725739739102767,
                    {}
                  ],
                  "kernel/bpf/verifier.c:17640:process_bpf_exit_full": [
                    0.0032161502199444733,
                    0.024919401311383493,
                    {}
                  ]
                }
              ],
              "kernel/bpf/verifier.c:17703:bpf_is_state_visited": [
                7.491011147291525,
                28.287248916573972,
                {
                  "kernel/bpf/states.c:1370:states_equal": [
                    1.0755093491763956,
                    14.35733211484087,
                    {
                      "kernel/bpf/states.c:967:refsafe": [
                        0.11178993577003424,
                        10.394138912473501,
                        {}
                      ]
                    }
                  ],
                  "kernel/bpf/states.c:1382:propagate_precision": [
                    0.5487096862748837,
                    7.324908153063915,
                    {}
                  ]
                }
              ]
            }
          ],
          "kernel/bpf/verifier.c:18798:18708": [
            0.024299163536759046,
            0.08726827807373685,
            {}
          ]
        }
      ],
      "kernel/bpf/verifier.c:20102:bpf_do_misc_fixups": [
        4.656060875291363,
        4.656060875291363,
        {}
      ],
      "kernel/bpf/verifier.c:20039:bpf_compute_const_regs": [
        3.184924847184048,
        3.184924847184048,
        {}
      ],
      "kernel/bpf/verifier.c:20091:bpf_opt_remove_nops": [
        1.2655723409243285,
        1.2655723409243285,
        {}
      ],
      "kernel/bpf/verifier.c:20023:bpf_check_cfg": [
        0.9983160007723355,
        0.9983160007723355,
        {}
      ],
      "kernel/bpf/verifier.c:20051:bpf_compute_scc": [
        0.42495107718634173,
        0.42495107718634173,
        {}
      ],
      "kernel/bpf/verifier.c:20013:check_and_resolve_insns": [
        0.4220680282391772,
        0.4220680282391772,
        {}
      ],
      "kernel/bpf/verifier.c:20089:bpf_opt_remove_dead_code": [
        0.40317314569700347,
        0.40317314569700347,
        {}
      ],
      "kernel/bpf/verifier.c:20009:bpf_check_btf_info": [
        0.3646540036877757,
        0.3646540036877757,
        {}
      ],
      "kernel/bpf/verifier.c:20059:mark_fastcall_patterns": [
        0.34404766977856,
        0.34404766977856,
        {}
      ],
      "kernel/bpf/verifier.c:20043:bpf_prune_dead_branches": [
        0.2962189215076715,
        0.2962189215076715,
        {}
      ],
      "kernel/bpf/verifier.c:20027:bpf_compute_postorder": [
        0.24410005856839276,
        0.24410005856839276,
        {}
      ],
      "kernel/bpf/verifier.c:20079:check_max_stack_depth": [
        0.21564861537266966,
        0.21564861537266966,
        {}
      ],
      "kernel/bpf/verifier.c:20099:bpf_convert_ctx_accesses": [
        0.08435502576882932,
        0.08435502576882932,
        {}
      ],
      "kernel/bpf/verifier.c:20005:check_subprogs": [
        0.07274816935006544,
        0.07274816935006544,
        {}
      ],
      "kernel/bpf/verifier.c:20076:bpf_remove_fastcall_spills_fills": [
        0.07089888297359737,
        0.07089888297359737,
        {}
      ],
      "kernel/bpf/verifier.c:20108:bpf_opt_subreg_zext_lo32_rnd_hi32": [
        0.06814792591046628,
        0.06814792591046628,
        {}
      ],
      "kernel/bpf/verifier.c:20001:add_subprog_and_kfunc": [
        0.04945405275703903,
        0.04945405275703903,
        {}
      ],
      "kernel/bpf/verifier.c:20087:bpf_opt_hard_wire_dead_code_branches": [
        0.04402679926088273,
        0.04402679926088273,
        {}
      ],
      "kernel/bpf/verifier.c:20083:bpf_optimize_bpf_loop": [
        0.03930595018803567,
        0.03930595018803567,
        {}
      ],
      "kernel/bpf/verifier.c:20047:sort_subprogs_topo": [
        0.03379829293638076,
        0.03379829293638076,
        {}
      ],
      "kernel/bpf/verifier.c:19997:bpf_check_btf_info_early": [
        0.0073971455058722884,
        0.0073971455058722884,
        {}
      ],
      "kernel/bpf/verifier.c:20031:bpf_stack_liveness_init": [
        0.005674207888044892,
        0.005674207888044892,
        {}
      ],
      "kernel/bpf/verifier.c:20064:do_check_subprogs": [
        0.0011313957023733237,
        0.0011313957023733237,
        {}
      ],
      "kernel/bpf/verifier.c:20114:bpf_fixup_call_args": [
        0.0010682213230529857,
        0.0010682213230529857,
        {}
      ],
      "kernel/bpf/verifier.c:20035:check_attach_btf_id": [
        0.0009591019405905839,
        0.0009591019405905839,
        {}
      ],
      "kernel/bpf/verifier.c:20107:bpf_prog_is_offloaded": [
        0.0005800556646685567,
        0.0005800556646685567,
        {}
      ],
      "kernel/bpf/verifier.c:20017:bpf_prog_is_offloaded": [
        0.000499651909169945,
        0.000499651909169945,
        {}
      ],
      "kernel/bpf/verifier.c:20066:bpf_prog_is_offloaded": [
        0.00045370690602788104,
        0.00045370690602788104,
        {}
      ]
    },
    "durations_per_insn_type": {
      "call bpf_perf_event_output": [
        1,
        16287,
        16287.0
      ],
      "jgt": [
        45,
        229296,
        5095.466666666666
      ],
      "jne": [
        42,
        201072,
        4787.428571428572
      ],
      "jne32": [
        4,
        13910,
        3477.5
      ],
      "jlt": [
        1,
        3182,
        3182.0
      ],
      "jeq": [
        89,
        264913,
        2976.550561797753
      ],
      "jeq32": [
        17,
        37747,
        2220.4117647058824
      ],
      "ldx": [
        360,
        755971,
        2099.9194444444443
      ],
      "call bpf_ktime_get_ns": [
        2,
        3746,
        1873.0
      ],