{
  "program_name": "selftest_verif_scale_pyperf100_5",
  "verification_stats": {
    "subprog_cnt": 1,
    "insn_processed": 75818,
    "complexity_limit_insns": 1000000,
    "max_states_per_insn": 1,
    "total_states": 5791,
    "peak_states": 5791,
    "longest_mark_read_walk": 0
  },
  "stats": {
    "verification_time": 1087669134,
    "program_length": 49793,
    "num_records": 178401,
    "num_record_sites": 44,
    "site_tree": {
      "kernel/bpf/verifier.c:20102:bpf_do_misc_fixups": [
        58.619752466010496,
        58.619752466010496,
        {}
      ],
      "kernel/bpf/verifier.c:20063:do_check_main": [
        21.078471369033075,
        21.078471369033075,
        {
          "kernel/bpf/verifier.c:18807:do_check": [
            19.56474688377063,
            92.81862304547236,
            {
              "kernel/bpf/verifier.c:17790:do_check_insn": [
                8.66724402239036,
                44.30031256668096,
                {
                  "kernel/bpf/verifier.c:17642:check_cond_jmp_op": [
                    2.4837506329383436,
                    28.656752094691157,
                    {}
                  ],
                  "kernel/bpf/verifier.c:17629:check_helper_call": [
                    1.020758671267029,
                    11.777200095325242,
                    {}
                  ],
                  "kernel/bpf/verifier.c:17583:check_load_mem": [
                    0.9832646404765956,
                    11.344605481702112,
                    {}
                  ],
                  "kernel/bpf/verifier.c:17578:check_alu_op": [
                    0.8971921418889873,
                    10.351527424072094,
                    {}
                  ],
                  "kernel/bpf/verifier.c:17588:check_store_reg": [
                    0.21307757364382468,
                    2.4584236130121035,
                    {}
                  ],
                  "kernel/bpf/verifier.c:17651:check_ld_imm": [
                    0.027615567143601593,
                    0.3186199335366749,
                    {}
                  ],
                  "kernel/bpf/verifier.c:17640:process_bpf_exit_full": [
                    0.0001219120740443849,
                    0.0014065840736622352,
                    {}
                  ]
                }
              ],
              "kernel/bpf/verifier.c:17703:bpf_is_state_visited": [
                6.284126106312768,
                32.11963918391187,
                {
                  "kernel/bpf/states.c:1370:states_equal": [
                    0.8916271223340608,
                    14.188561897864682,
                    {
                      "kernel/bpf/states.c:967:refsafe": [
                        0.08722551466648495,
                        9.782734562644302,
                        {}
                      ]
                    }
                  ],
                  "kernel/bpf/states.c:1382:propagate_precision": [
                    0.3309681122200531,
                    5.266732503785635,
                    {}
                  ]
                }
              ]
            }
          ],
          "kernel/bpf/verifier.c:18798:18708": [
            0.0003169162286809915,
            0.00150350669710604,
            {}
          ]
        }
      ],
      "kernel/bpf/verifier.c:20055:bpf_compute_live_registers": [
        17.663975927444124,
        17.663975927444124,
        {}
      ],
      "kernel/bpf/verifier.c:20039:bpf_compute_const_regs": [
        0.7731049578538467,
        0.7731049578538467,
        {}
      ],
      "kernel/bpf/verifier.c:20009:bpf_check_btf_info": [
        0.3833693418020631,
        0.3833693418020631,
        {}
      ],
      "kernel/bpf/verifier.c:20023:bpf_check_cfg": [
        0.2677097206290677,
        0.2677097206290677,
        {}
      ],
      "kernel/bpf/verifier.c:20051:bpf_compute_scc": [
        0.11644524611470679,
        0.11644524611470679,
        {}
      ],
      "kernel/bpf/verifier.c:20013:check_and_resolve_insns": [
        0.09643291026772853,
        0.09643291026772853,
        {}
      ],
      "kernel/bpf/verifier.c:20059:mark_fastcall_patterns": [
        0.08810501006641602,
        0.08810501006641602,
        {}
      ],
      "kernel/bpf/verifier.c:20027:bpf_compute_postorder": [
        0.07951554135027979,
        0.07951554135027979,
        {}
      ],
      "kernel/bpf/verifier.c:20099:bpf_convert_ctx_accesses": [
        0.024984620001177675,
        0.024984620001177675,
        {}
      ],
      "kernel/bpf/verifier.c:20108:bpf_opt_subreg_zext_lo32_rnd_hi32": [
        0.023948919010144495,
        0.023948919010144495,
        {}
      ],
      "kernel/bpf/verifier.c:20076:bpf_remove_fastcall_spills_fills": [
        0.020943409432081946,
        0.020943409432081946,
        {}
      ],
      "kernel/bpf/verifier.c:20089:bpf_opt_remove_dead_code": [
        0.01783189335222967,
        0.01783189335222967,
        {}
      ],
      "kernel/bpf/verifier.c:20043:bpf_prune_dead_branches": [
        0.016890614457760276,
        0.016890614457760276,
        {}
      ],
      "kernel/bpf/verifier.c:20005:check_subprogs": [
        0.014495492707435787,
        0.014495492707435787,
        {}
      ],
      "kernel/bpf/verifier.c:20079:check_max_stack_depth": [
        0.012949434308393272,
        0.012949434308393272,
        {}
      ],
      "kernel/bpf/verifier.c:20087:bpf_opt_hard_wire_dead_code_branches": [
        0.007900656303813067,
        0.007900656303813067,
        {}
      ],
      "kernel/bpf/verifier.c:20083:bpf_optimize_bpf_loop": [
        0.0070797265080798,
        0.0070797265080798,
        {}
      ],
      "kernel/bpf/verifier.c:20047:sort_subprogs_topo": [
        0.006708657781953754,
        0.006708657781953754,
        {}
      ],
      "kernel/bpf/verifier.c:20001:add_subprog_and_kfunc": [
        0.005943259579525771,
        0.005943259579525771,
        {}
      ],
      "kernel/bpf/verifier.c:20091:bpf_opt_remove_nops": [
        0.005556101401697035,
        0.005556101401697035,
        {}
      ],
      "kernel/bpf/verifier.c:19997:bpf_check_btf_info_early": [
        0.00030689479876331585,
        0.00030689479876331585,
        {}
      ],
      "kernel/bpf/verifier.c:20031:bpf_stack_liveness_init": [
        0.00030606734124717747,
        0.00030606734124717747,
        {}
      ],
      "kernel/bpf/verifier.c:20114:bpf_fixup_call_args": [
        5.543965358127005e-05,
        5.543965358127005e-05,
        {}
      ],
      "kernel/bpf/verifier.c:20035:check_attach_btf_id": [
        3.539679374591869e-05,
        3.539679374591869e-05,
        {}
      ],
      "kernel/bpf/verifier.c:20064:do_check_subprogs": [
        3.4845155401826453e-05,
        3.4845155401826453e-05,
        {}
      ],
      "kernel/bpf/verifier.c:20107:bpf_prog_is_offloaded": [
        1.792824618299778e-05,
        1.792824618299778e-05,
        {}
      ],
      "kernel/bpf/verifier.c:20066:bpf_prog_is_offloaded": [
        1.5905572254659567e-05,
        1.5905572254659567e-05,
        {}
      ],
      "kernel/bpf/verifier.c:20017:bpf_prog_is_offloaded": [
        1.5629753082613446e-05,
        1.5629753082613446e-05,
        {}
      ]
    },
    "durations_per_insn_type": {
      "call bpf_get_current_pid_tgid": [
        5,
        2108142,
        421628.4
      ],
      "and": [
        5,
        114489,
        22897.8
      ],
      "jne32": [
        515,
        10416213,
        20225.656310679613
      ],
      "jeq": [
        2545,
        27649025,
        10864.056974459725
      ],
      "jne": [
        990,
        8483662,
        8569.355555555556
      ],
      "call bpf_probe_read_user_str": [
        1000,
        5298355,
        5298.355
      ],
      "ldx": [
        12940,
        61703011,
        4768.39343122102
      ],