{
  "program_name": "selftest_core_kern_lskel_4",
  "verification_stats": {
    "subprog_cnt": 1,
    "insn_processed": 555708,
    "complexity_limit_insns": 1000000,
    "max_states_per_insn": 8,
    "total_states": 4095,
    "peak_states": 693,
    "longest_mark_read_walk": 0
  },
  "stats": {
    "verification_time": 759810544,
    "program_length": 12409,
    "num_records": 1187366,
    "num_record_sites": 43,
    "site_tree": {
      "kernel/bpf/verifier.c:20063:do_check_main": [
        92.06903017128964,
        92.06903017128964,
        {
          "kernel/bpf/verifier.c:18807:do_check": [
            91.90152130871193,
            99.81806166279141,
            {
              "kernel/bpf/verifier.c:17790:do_check_insn": [
                58.53900021687512,
                63.69753120868722,
                {
                  "kernel/bpf/verifier.c:17578:check_alu_op": [
                    20.860059820385963,
                    35.63446547276802,
                    {}
                  ],
                  "kernel/bpf/verifier.c:17583:check_load_mem": [
                    2.6118489874496924,
                    4.461724624222009,
                    {}
                  ],
                  "kernel/bpf/verifier.c:17642:check_cond_jmp_op": [
                    1.8698700764542169,
                    3.1942296068035456,
                    {}
                  ],
                  "kernel/bpf/verifier.c:17588:check_store_reg": [
                    0.12458197737250669,
                    0.21281876511548842,
                    {}
                  ],
                  "kernel/bpf/verifier.c:17651:check_ld_imm": [
                    0.1125085729265689,
                    0.1921942166927134,
                    {}
                  ],
                  "kernel/bpf/verifier.c:17640:process_bpf_exit_full": [
                    7.001745424580473e-05,
                    0.00011960821672116755,
                    {}
                  ]
                }
              ],
              "kernel/bpf/verifier.c:17703:bpf_is_state_visited": [
                8.902574007975335,
                9.68708012794496,
                {
                  "kernel/bpf/states.c:1370:states_equal": [
                    3.2464523156183,
                    36.46644568986429,
                    {
                      "kernel/bpf/states.c:967:refsafe": [
                        0.687239081009647,
                        21.168925774865713,
                        {}
                      ]
                    }
                  ],
                  "kernel/bpf/states.c:1382:propagate_precision": [
                    0.8070493425529509,
                    9.065348311959653,
                    {}
                  ]
                }
              ]
            }
          ],
          "kernel/bpf/verifier.c:18798:18708": [
            0.0008757446250969636,
            0.0009511826327133959,
            {}
          ]
        }
      ],
      "kernel/bpf/verifier.c:20055:bpf_compute_live_registers": [
        4.973077209626088,
        4.973077209626088,
        {}
      ],
      "kernel/bpf/verifier.c:20091:bpf_opt_remove_nops": [
        1.104654715083817,
        1.104654715083817,
        {}
      ],
      "kernel/bpf/verifier.c:20089:bpf_opt_remove_dead_code": [
        0.88142156658463,
        0.88142156658463,
        {}
      ],
      "kernel/bpf/verifier.c:20009:bpf_check_btf_info": [
        0.39566179013172526,
        0.39566179013172526,
        {}
      ],
      "kernel/bpf/verifier.c:20039:bpf_compute_const_regs": [
        0.21099246551124462,
        0.21099246551124462,
        {}
      ],
      "kernel/bpf/verifier.c:20051:bpf_compute_scc": [
        0.03488751269553322,
        0.03488751269553322,
        {}
      ],
      "kernel/bpf/verifier.c:20013:check_and_resolve_insns": [
        0.033212884710902356,
        0.033212884710902356,
        {}
      ],
      "kernel/bpf/verifier.c:20027:bpf_compute_postorder": [
        0.026880779901364466,
        0.026880779901364466,
        {}
      ],
      "kernel/bpf/verifier.c:20043:bpf_prune_dead_branches": [
        0.02645317330579187,
        0.02645317330579187,
        {}
      ],
      "kernel/bpf/verifier.c:20023:bpf_check_cfg": [
        0.024979384860971343,
        0.024979384860971343,
        {}
      ],
      "kernel/bpf/verifier.c:20102:bpf_do_misc_fixups": [
        0.021496674571023063,
        0.021496674571023063,
        {}
      ],
      "kernel/bpf/verifier.c:20076:bpf_remove_fastcall_spills_fills": [
        0.007000560918775562,
        0.007000560918775562,
        {}
      ],
      "kernel/bpf/verifier.c:20099:bpf_convert_ctx_accesses": [
        0.006903694666285126,
        0.006903694666285126,
        {}
      ],
      "kernel/bpf/verifier.c:20005:check_subprogs": [
        0.004941363382817177,
        0.004941363382817177,
        {}
      ],
      "kernel/bpf/verifier.c:20108:bpf_opt_subreg_zext_lo32_rnd_hi32": [
        0.004083912791818272,
        0.004083912791818272,
        {}
      ],
      "kernel/bpf/verifier.c:20059:mark_fastcall_patterns": [
        0.002852289978223835,
        0.002852289978223835,
        {}
      ],
      "kernel/bpf/verifier.c:20079:check_max_stack_depth": [
        0.0028093845457348643,
        0.0028093845457348643,
        {}
      ],
      "kernel/bpf/verifier.c:20083:bpf_optimize_bpf_loop": [
        0.00255418935065476,
        0.00255418935065476,
        {}
      ],
      "kernel/bpf/verifier.c:20001:add_subprog_and_kfunc": [
        0.002298204485038049,
        0.002298204485038049,
        {}
      ],
      "kernel/bpf/verifier.c:20087:bpf_opt_hard_wire_dead_code_branches": [
        0.0017525421442427362,
        0.0017525421442427362,
        {}
      ],
      "kernel/bpf/verifier.c:20047:sort_subprogs_topo": [
        0.0016604139149719408,
        0.0016604139149719408,
        {}
      ],
      "kernel/bpf/verifier.c:19997:bpf_check_btf_info_early": [
        0.00026203900639736315,
        0.00026203900639736315,
        {}
      ],
      "kernel/bpf/verifier.c:20031:bpf_stack_liveness_init": [
        0.00023045218493309038,
        0.00023045218493309038,
        {}
      ],
      "kernel/bpf/verifier.c:20064:do_check_subprogs": [
        4.343187951337511e-05,
        4.343187951337511e-05,
        {}
      ],
      "kernel/bpf/verifier.c:20035:check_attach_btf_id": [
        2.961264512275576e-05,
        2.961264512275576e-05,
        {}
      ],
      "kernel/bpf/verifier.c:20114:bpf_fixup_call_args": [
        2.961264512275576e-05,
        2.961264512275576e-05,
        {}
      ],
      "kernel/bpf/verifier.c:20017:bpf_prog_is_offloaded": [
        2.2505610293294378e-05,
        2.2505610293294378e-05,
        {}
      ],
      "kernel/bpf/verifier.c:20107:bpf_prog_is_offloaded": [
        2.1584328000586417e-05,
        2.1584328000586417e-05,
        {}
      ],
      "kernel/bpf/verifier.c:20066:bpf_prog_is_offloaded": [
        2.013659868347392e-05,
        2.013659868347392e-05,
        {}
      ]
    },
    "durations_per_insn_type": {
      "jgt": [
        90,
        17280415,
        192004.61111111112
      ],
      "jeq32": [
        90,
        9317035,
        103522.61111111111
      ],
      "mov": [
        3236,
        196893376,
        60844.67737948084
      ],
      "arsh": [
        89,
        3486904,
        39178.69662921348
      ],
      "rsh": [
        1170,
        45471673,
        38864.677777777775
      ],
      "ldx": [
        988,
        37461949,
        37916.952429149795
      ],
      "lsh": [
        1349,
        49138195,
        36425.64492216457
      ],
      "or": [
        1170,
        42046857,
        35937.484615384616
      ],
      "xor": [
        1260,
        44977780,
        35696.65079365079
      ],
      "sub": [
        1170,
        40961005,
        35009.405982905984
      ],