{
  "program_name": "selftest_test_bpf_ma_5",
  "verification_stats": {
    "subprog_cnt": 1,
    "insn_processed": 51157,
    "complexity_limit_insns": 1000000,
    "max_states_per_insn": 4,
    "total_states": 906,
    "peak_states": 482,
    "longest_mark_read_walk": 0
  },
  "stats": {
    "verification_time": 121884403,
    "program_length": 823,
    "num_records": 130560,
    "num_record_sites": 45,
    "site_tree": {
      "kernel/bpf/verifier.c:20063:do_check_main": [
        95.88560892405569,
        95.88560892405569,
        {
          "kernel/bpf/verifier.c:18807:do_check": [
            95.3451648772485,
            99.43636583959616,
            {
              "kernel/bpf/verifier.c:17790:do_check_insn": [
                47.451437244189485,
                49.76805830193962,
                {
                  "kernel/bpf/verifier.c:17642:check_cond_jmp_op": [
                    19.41086424322889,
                    40.90679939437617,
                    {}
                  ],
                  "kernel/bpf/verifier.c:17578:check_alu_op": [
                    3.7349700929330556,
                    7.871142182085138,
                    {}
                  ],
                  "kernel/bpf/verifier.c:17628:check_kfunc_call": [
                    2.7437801044978656,
                    5.782290830050353,
                    {}
                  ],
                  "kernel/bpf/verifier.c:17629:check_helper_call": [
                    1.7622632159095861,
                    3.713824740103902,
                    {}
                  ],
                  "kernel/bpf/verifier.c:17588:check_store_reg": [
                    1.0825757582781121,
                    2.281439343358721,
                    {}
                  ],
                  "kernel/bpf/verifier.c:17651:check_ld_imm": [
                    0.923721142564894,
                    1.9466663102559776,
                    {}
                  ],
                  "kernel/bpf/verifier.c:17583:check_load_mem": [
                    0.3242400096097611,
                    0.6833091439173741,
                    {}
                  ],
                  "kernel/bpf/verifier.c:17640:process_bpf_exit_full": [
                    0.0010485344872222903,
                    0.002209700165300442,
                    {}
                  ]
                }
              ],
              "kernel/bpf/verifier.c:17703:bpf_is_state_visited": [
                16.37328444723153,
                17.17264264875016,
                {
                  "kernel/bpf/states.c:1370:states_equal": [
                    2.791517959849219,
                    17.049224111666987,
                    {
                      "kernel/bpf/states.c:967:refsafe": [
                        0.6900595804698654,
                        24.719868917022417,
                        {}
                      ]
                    }
                  ],
                  "kernel/bpf/states.c:1382:propagate_precision": [
                    0.8983512024914295,
                    5.486689035340902,
                    {}
                  ]
                }
              ]
            }
          ],
          "kernel/bpf/verifier.c:18798:18708": [
            0.002163525385606557,
            0.002256360896993557,
            {}
          ]
        }
      ],
      "kernel/bpf/verifier.c:20055:bpf_compute_live_registers": [
        2.220551549979697,
        2.220551549979697,
        {}
      ],
      "kernel/bpf/verifier.c:20102:bpf_do_misc_fixups": [
        1.142850902752504,
        1.142850902752504,
        {}
      ],
      "kernel/bpf/verifier.c:20039:bpf_compute_const_regs": [
        0.12283606131294748,
        0.12283606131294748,
        {}
      ],
      "kernel/bpf/verifier.c:20001:add_subprog_and_kfunc": [
        0.09750222101838577,
        0.09750222101838577,
        {}
      ],
      "kernel/bpf/verifier.c:20023:bpf_check_cfg": [
        0.06482207571710386,
        0.06482207571710386,
        {}
      ],
      "kernel/bpf/verifier.c:20009:bpf_check_btf_info": [
        0.04973400903477371,
        0.04973400903477371,
        {}
      ],
      "kernel/bpf/verifier.c:20051:bpf_compute_scc": [
        0.04900380896151249,
        0.04900380896151249,
        {}
      ],
      "kernel/bpf/verifier.c:20108:bpf_opt_subreg_zext_lo32_rnd_hi32": [
        0.030533849355606227,
        0.030533849355606227,
        {}
      ],
      "kernel/bpf/verifier.c:20013:check_and_resolve_insns": [
        0.02787805425768874,
        0.02787805425768874,
        {}
      ],
      "kernel/bpf/verifier.c:20059:mark_fastcall_patterns": [
        0.0209747919920484,
        0.0209747919920484,
        {}
      ],
      "kernel/bpf/verifier.c:20035:check_attach_btf_id": [
        0.01912549877280032,
        0.01912549877280032,
        {}
      ],
      "kernel/bpf/verifier.c:20027:bpf_compute_postorder": [
        0.012743221952689059,
        0.012743221952689059,
        {}
      ],
      "kernel/bpf/verifier.c:20005:check_subprogs": [
        0.003905339717666747,
        0.003905339717666747,
        {}
      ],
      "kernel/bpf/verifier.c:20076:bpf_remove_fastcall_spills_fills": [
        0.0037830927391095314,
        0.0037830927391095314,
        {}
      ],
      "kernel/bpf/verifier.c:20047:sort_subprogs_topo": [
        0.003765863299178649,
        0.003765863299178649,
        {}
      ],
      "kernel/bpf/verifier.c:20099:bpf_convert_ctx_accesses": [
        0.003729763520275847,
        0.003729763520275847,
        {}
      ],
      "kernel/bpf/verifier.c:20043:bpf_prune_dead_branches": [
        0.003379431575014565,
        0.003379431575014565,
        {}
      ],
      "kernel/bpf/verifier.c:20079:check_max_stack_depth": [
        0.0032965661734422245,
        0.0032965661734422245,
        {}
      ],
      "kernel/bpf/verifier.c:20087:bpf_opt_hard_wire_dead_code_branches": [
        0.0027616330860643426,
        0.0027616330860643426,
        {}
      ],
      "kernel/bpf/verifier.c:20083:bpf_optimize_bpf_loop": [
        0.0019198518780126443,
        0.0019198518780126443,
        {}
      ],
      "kernel/bpf/verifier.c:20089:bpf_opt_remove_dead_code": [
        0.0014029686800861633,
        0.0014029686800861633,
        {}
      ],
      "kernel/bpf/verifier.c:19997:bpf_check_btf_info_early": [
        0.001277439903446875,
        0.001277439903446875,
        {}
      ],
      "kernel/bpf/verifier.c:20091:bpf_opt_remove_nops": [
        0.0010985819079739022,
        0.0010985819079739022,
        {}
      ],
      "kernel/bpf/verifier.c:20031:bpf_stack_liveness_init": [
        0.0010592003309890274,
        0.0010592003309890274,
        {}
      ],
      "kernel/bpf/verifier.c:20114:bpf_fixup_call_args": [
        0.00025023710375805835,
        0.00025023710375805835,
        {}
      ],
      "kernel/bpf/verifier.c:20107:bpf_prog_is_offloaded": [
        0.00023957125999132144,
        0.00023957125999132144,
        {}
      ],
      "kernel/bpf/verifier.c:20064:do_check_subprogs": [
        0.0001878829401986733,
        0.0001878829401986733,
        {}
      ],
      "kernel/bpf/verifier.c:20066:bpf_prog_is_offloaded": [
        0.0001288105747213612,
        0.0001288105747213612,
        {}
      ],
      "kernel/bpf/verifier.c:20017:bpf_prog_is_offloaded": [
        0.00012470832711877007,
        0.00012470832711877007,
        {}
      ]
    },
    "durations_per_insn_type": {
      "jeq": [
        82,
        25649760,
        312801.9512195122
      ],
      "jeq32": [
        20,
        4083521,
        204176.05
      ],
      "stx": [
        58,
        6794535,
        117147.1551724138
      ],
      "call kernel-function": [
        47,
        4763948,
        101360.59574468085
      ],
      "add": [
        56,
        5196311,
        92791.26785714286
      ],
      "mov": [
        279,
        25019693,
        89676.31899641576
      ],