{
  "program_name": "selftest_core_kern_lskel-4",
  "verification_stats": {
    "subprog_cnt": 1,
    "insn_processed": 555708,
    "complexity_limit_insns": 1000000,
    "max_states_per_insn": 8,
    "total_states": 4095,
    "peak_states": 693,
    "longest_mark_read_walk": 0
  },
  "stats": {
    "verification_time": 443252569,
    "program_length": 12409,
    "num_records": 1187366,
    "num_record_sites": 43,
    "site_tree": {
      "kernel/bpf/verifier.c:20063:do_check_main": [
        86.81615334303906,
        86.81615334303906,
        {
          "kernel/bpf/verifier.c:18807:do_check": [
            86.69970618940734,
            99.8658692545711,
            {
              "kernel/bpf/verifier.c:17790:do_check_insn": [
                59.22356380070974,
                68.3088402529621,
                {
                  "kernel/bpf/verifier.c:17578:check_alu_op": [
                    27.4181508466339,
                    46.29601646212536,
                    {}
                  ],
                  "kernel/bpf/verifier.c:17583:check_load_mem": [
                    2.653105660849537,
                    4.479814267471931,
                    {}
                  ],
                  "kernel/bpf/verifier.c:17642:check_cond_jmp_op": [
                    1.3892848977486694,
                    2.3458313019184094,
                    {}
                  ],
                  "kernel/bpf/verifier.c:17588:check_store_reg": [
                    0.1400765711072506,
                    0.2365216851498759,
                    {}
                  ],
                  "kernel/bpf/verifier.c:17651:check_ld_imm": [
                    0.10735549735753477,
                    0.1812715927038626,
                    {}
                  ],
                  "kernel/bpf/verifier.c:17640:process_bpf_exit_full": [
                    8.347385348148993e-05,
                    0.00014094702872387686,
                    {}
                  ]
                }
              ],
              "kernel/bpf/verifier.c:17703:bpf_is_state_visited": [
                8.488057065271065,
                9.790179734551518,
                {
                  "kernel/bpf/states.c:1370:states_equal": [
                    3.193805290725794,
                    37.627047817494855,
                    {
                      "kernel/bpf/states.c:967:refsafe": [
                        0.6172557569542253,
                        19.326655846761206,
                        {}
                      ]
                    }
                  ],
                  "kernel/bpf/states.c:1382:propagate_precision": [
                    1.2761963258920221,
                    15.035199646731723,
                    {}
                  ]
                }
              ]
            }
          ],
          "kernel/bpf/verifier.c:18798:18708": [
            0.0011036597060309424,
            0.0012712607775537132,
            {}
          ]
        }
      ],
      "kernel/bpf/verifier.c:20055:bpf_compute_live_registers": [
        8.065205821739974,
        8.065205821739974,
        {}
      ],
      "kernel/bpf/verifier.c:20091:bpf_opt_remove_nops": [
        1.8920860445142733,
        1.8920860445142733,
        {}
      ],
      "kernel/bpf/verifier.c:20089:bpf_opt_remove_dead_code": [
        1.5106017355084975,
        1.5106017355084975,
        {}
      ],
      "kernel/bpf/verifier.c:20009:bpf_check_btf_info": [
        0.7122695322720171,
        0.7122695322720171,
        {}
      ],
      "kernel/bpf/verifier.c:20039:bpf_compute_const_regs": [
        0.36997145977060314,
        0.36997145977060314,
        {}
      ],
      "kernel/bpf/verifier.c:20051:bpf_compute_scc": [
        0.07144166151465667,
        0.07144166151465667,
        {}
      ],
      "kernel/bpf/verifier.c:20027:bpf_compute_postorder": [
        0.06242829017873104,
        0.06242829017873104,
        {}
      ],
      "kernel/bpf/verifier.c:20043:bpf_prune_dead_branches": [
        0.05341604686785245,
        0.05341604686785245,
        {}
      ],
      "kernel/bpf/verifier.c:20013:check_and_resolve_insns": [
        0.050670659508349064,
        0.050670659508349064,
        {}
      ],
      "kernel/bpf/verifier.c:20023:bpf_check_cfg": [
        0.042590841701359655,
        0.042590841701359655,
        {}
      ],
      "kernel/bpf/verifier.c:20102:bpf_do_misc_fixups": [
        0.037078408901449596,
        0.037078408901449596,
        {}
      ],
      "kernel/bpf/verifier.c:20099:bpf_convert_ctx_accesses": [
        0.012555595588663131,
        0.012555595588663131,
        {}
      ],
      "kernel/bpf/verifier.c:20076:bpf_remove_fastcall_spills_fills": [
        0.01236202649058984,
        0.01236202649058984,
        {}
      ],
      "kernel/bpf/verifier.c:20005:check_subprogs": [
        0.00849132134415221,
        0.00849132134415221,
        {}
      ],
      "kernel/bpf/verifier.c:20108:bpf_opt_subreg_zext_lo32_rnd_hi32": [
        0.007003230702087595,
        0.007003230702087595,
        {}
      ],
      "kernel/bpf/verifier.c:20059:mark_fastcall_patterns": [
        0.004936688815897195,
        0.004936688815897195,
        {}
      ],
      "kernel/bpf/verifier.c:20001:add_subprog_and_kfunc": [
        0.004909841819777473,
        0.004909841819777473,
        {}
      ],
      "kernel/bpf/verifier.c:20079:check_max_stack_depth": [
        0.004610689577300566,
        0.004610689577300566,
        {}
      ],
      "kernel/bpf/verifier.c:20083:bpf_optimize_bpf_loop": [
        0.004380798072712354,
        0.004380798072712354,
        {}
      ],
      "kernel/bpf/verifier.c:20087:bpf_opt_hard_wire_dead_code_branches": [
        0.002977986124204505,
        0.002977986124204505,
        {}
      ],
      "kernel/bpf/verifier.c:20047:sort_subprogs_topo": [
        0.0023293717221523876,
        0.0023293717221523876,
        {}
      ],
      "kernel/bpf/verifier.c:19997:bpf_check_btf_info_early": [
        0.00021906246413655868,
        0.00021906246413655868,
        {}
      ],
      "kernel/bpf/verifier.c:20031:bpf_stack_liveness_init": [
        0.00017890477246167974,
        0.00017890477246167974,
        {}
      ],
      "kernel/bpf/verifier.c:20064:do_check_subprogs": [
        4.76026569853902e-05,
        4.76026569853902e-05,
        {}
      ],
      "kernel/bpf/verifier.c:20035:check_attach_btf_id": [
        4.737705197598076e-05,
        4.737705197598076e-05,
        {}
      ],
      "kernel/bpf/verifier.c:20114:bpf_fixup_call_args": [
        3.3389541392595964e-05,
        3.3389541392595964e-05,
        {}
      ],
      "kernel/bpf/verifier.c:20107:bpf_prog_is_offloaded": [
        3.316393638318653e-05,
        3.316393638318653e-05,
        {}
      ],
      "kernel/bpf/verifier.c:20066:bpf_prog_is_offloaded": [
        1.9853240828030035e-05,
        1.9853240828030035e-05,
        {}
      ],
      "kernel/bpf/verifier.c:20017:bpf_prog_is_offloaded": [
        1.940203080921117e-05,
        1.940203080921117e-05,
        {}
      ]
    },
    "durations_per_insn_type": {
      "jgt": [
        90,
        7884230,
        87602.55555555556
      ],
      "jeq32": [
        90,
        5387201,
        59857.78888888889
      ],
      "mov": [
        3236,
        115132880,
        35578.76390605686
      ],
      "arsh": [
        89,
        2266051,
        25461.247191011236
      ],
      "rsh": [
        1170,
        27861001,
        23812.821367521366
      ],
      "lsh": [
        1349,
        29525603,
        21887.029651593773
      ],
      "xor": [
        1260,
        27543876,
        21860.219047619048
      ],
      "or": [
        1170,
        25253940,
        21584.5641025641
      ],
      "ldx": [
        988,
        20683717,
        20934.936234817815
      ],
      "sub": [
        1170,
        24249302,
        20725.899145299147
      ],