{
  "program_name": "selftest_bpf_iter-13",
  "verification_stats": {
    "subprog_cnt": 1,
    "insn_processed": 85521,
    "complexity_limit_insns": 1000000,
    "max_states_per_insn": 8,
    "total_states": 1049,
    "peak_states": 1031,
    "longest_mark_read_walk": 0
  },
  "stats": {
    "verification_time": 160734822,
    "program_length": 448,
    "num_records": 206430,
    "num_record_sites": 45,
    "site_tree": {
      "kernel/bpf/verifier.c:20063:do_check_main": [
        98.98384309032923,
        98.98384309032923,
        {
          "kernel/bpf/verifier.c:18807:do_check": [
            98.92460079372222,
            99.94014952869334,
            {
              "kernel/bpf/verifier.c:17790:do_check_insn": [
                51.70860176147767,
                52.270720676751125,
                {
                  "kernel/bpf/verifier.c:17642:check_cond_jmp_op": [
                    16.893051961074125,
                    32.669713327385416,
                    {}
                  ],
                  "kernel/bpf/verifier.c:17578:check_alu_op": [
                    8.247200472838424,
                    15.949378230881686,
                    {}
                  ],
                  "kernel/bpf/verifier.c:17588:check_store_reg": [
                    2.5757710423196287,
                    4.981320234109578,
                    {}
                  ],
                  "kernel/bpf/verifier.c:17651:check_ld_imm": [
                    1.7483703686809071,
                    3.3811983096077904,
                    {}
                  ],
                  "kernel/bpf/verifier.c:17583:check_load_mem": [
                    1.1283031128127297,
                    2.1820414290399603,
                    {}
                  ],
                  "kernel/bpf/verifier.c:17629:check_helper_call": [
                    0.01922669874235466,
                    0.03718278601120159,
                    {}
                  ],
                  "kernel/bpf/verifier.c:17628:check_kfunc_call": [
                    0.018484482472628114,
                    0.03574740341634774,
                    {}
                  ],
                  "kernel/bpf/verifier.c:17640:process_bpf_exit_full": [
                    0.0009301033723731625,
                    0.0017987401335343768,
                    {}
                  ]
                }
              ],
              "kernel/bpf/verifier.c:17703:bpf_is_state_visited": [
                18.434225783383766,
                18.6346223643832,
                {
                  "kernel/bpf/states.c:1370:states_equal": [
                    4.031075481577974,
                    21.867343543179903,
                    {
                      "kernel/bpf/states.c:967:refsafe": [
                        0.7022423554243896,
                        17.420719573067757,
                        {}
                      ]
                    }
                  ],
                  "kernel/bpf/states.c:1382:propagate_precision": [
                    0.6595129709976597,
                    3.577654840227309,
                    {}
                  ]
                }
              ]
            }
          ],
          "kernel/bpf/verifier.c:18798:18708": [
            0.0015964182297722644,
            0.0016128068783058142,
            {}
          ]
        }
      ],
      "kernel/bpf/verifier.c:20055:bpf_compute_live_registers": [
        0.7844050121261217,
        0.7844050121261217,
        {}
      ],
      "kernel/bpf/verifier.c:20039:bpf_compute_const_regs": [
        0.047525482686010624,
        0.047525482686010624,
        {}
      ],
      "kernel/bpf/verifier.c:20009:bpf_check_btf_info": [
        0.016393460777279486,
        0.016393460777279486,
        {}
      ],
      "kernel/bpf/verifier.c:20013:check_and_resolve_insns": [
        0.014161834826307892,
        0.014161834826307892,
        {}
      ],
      "kernel/bpf/verifier.c:20023:bpf_check_cfg": [
        0.013812190615422463,
        0.013812190615422463,
        {}
      ],
      "kernel/bpf/verifier.c:20001:add_subprog_and_kfunc": [
        0.01232029236328143,
        0.01232029236328143,
        {}
      ],
      "kernel/bpf/verifier.c:20051:bpf_compute_scc": [
        0.011905323166376481,
        0.011905323166376481,
        {}
      ],
      "kernel/bpf/verifier.c:20102:bpf_do_misc_fixups": [
        0.00860112315923677,
        0.00860112315923677,
        {}
      ],
      "kernel/bpf/verifier.c:20027:bpf_compute_postorder": [
        0.005814545898461256,
        0.005814545898461256,
        {}
      ],
      "kernel/bpf/verifier.c:20059:mark_fastcall_patterns": [
        0.003029835065857727,
        0.003029835065857727,
        {}
      ],
      "kernel/bpf/verifier.c:20047:sort_subprogs_topo": [
        0.0028326158223511764,
        0.0028326158223511764,
        {}
      ],
      "kernel/bpf/verifier.c:20099:bpf_convert_ctx_accesses": [
        0.002650950146944512,
        0.002650950146944512,
        {}
      ],
      "kernel/bpf/verifier.c:20108:bpf_opt_subreg_zext_lo32_rnd_hi32": [
        0.0023162373614349727,
        0.0023162373614349727,
        {}
      ],
      "kernel/bpf/verifier.c:20079:check_max_stack_depth": [
        0.002175010963088011,
        0.002175010963088011,
        {}
      ],
      "kernel/bpf/verifier.c:20005:check_subprogs": [
        0.002021963852985136,
        0.002021963852985136,
        {}
      ],
      "kernel/bpf/verifier.c:20043:bpf_prune_dead_branches": [
        0.0018608288874703207,
        0.0018608288874703207,
        {}
      ],
      "kernel/bpf/verifier.c:20087:bpf_opt_hard_wire_dead_code_branches": [
        0.0013438282838301211,
        0.0013438282838301211,
        {}
      ],
      "kernel/bpf/verifier.c:20035:check_attach_btf_id": [
        0.0011043033350918818,
        0.0011043033350918818,
        {}
      ],
      "kernel/bpf/verifier.c:20076:bpf_remove_fastcall_spills_fills": [
        0.0008946412371054231,
        0.0008946412371054231,
        {}
      ],
      "kernel/bpf/verifier.c:20083:bpf_optimize_bpf_loop": [
        0.0008498469609777525,
        0.0008498469609777525,
        {}
      ],
      "kernel/bpf/verifier.c:19997:bpf_check_btf_info_early": [
        0.0008479805328057663,
        0.0008479805328057663,
        {}
      ],
      "kernel/bpf/verifier.c:20031:bpf_stack_liveness_init": [
        0.0007621248368943974,
        0.0007621248368943974,
        {}
      ],
      "kernel/bpf/verifier.c:20089:bpf_opt_remove_dead_code": [
        0.0005748598769717741,
        0.0005748598769717741,
        {}
      ],
      "kernel/bpf/verifier.c:20091:bpf_opt_remove_nops": [
        0.00047904989747647833,
        0.00047904989747647833,
        {}
      ],
      "kernel/bpf/verifier.c:20064:do_check_subprogs": [
        0.00014433711196693895,
        0.00014433711196693895,
        {}
      ],
      "kernel/bpf/verifier.c:20114:bpf_fixup_call_args": [
        0.00014247068379495264,
        0.00014247068379495264,
        {}
      ],
      "kernel/bpf/verifier.c:20107:bpf_prog_is_offloaded": [
        9.39435513233094e-05,
        9.39435513233094e-05,
        {}
      ],
      "kernel/bpf/verifier.c:20017:bpf_prog_is_offloaded": [
        9.083283770333227e-05,
        9.083283770333227e-05,
        {}
      ],
      "kernel/bpf/verifier.c:20066:bpf_prog_is_offloaded": [
        9.083283770333227e-05,
        9.083283770333227e-05,
        {}
      ]
    },
    "durations_per_insn_type": {
      "and": [
        1,
        3962007,
        3962007.0
      ],
      "jeq32": [
        11,
        24131452,
        2193768.3636363638
      ],
      "jne": [
        13,
        7108778,
        546829.0769230769
      ],
      "goto": [
        17,
        8744044,
        514355.5294117647
      ],
      "add": [
        35,
        16630058,
        475144.5142857143
      ],