{
  "program_name": "selftest_spin_lock_success_8",
  "verification_stats": {
    "subprog_cnt": 1,
    "insn_processed": 2356,
    "complexity_limit_insns": 1000000,
    "max_states_per_insn": 7,
    "total_states": 118,
    "peak_states": 62,
    "longest_mark_read_walk": 0
  },
  "stats": {
    "verification_time": 11679845,
    "program_length": 239,
    "num_records": 9711,
    "num_record_sites": 45,
    "site_tree": {
      "kernel/bpf/verifier.c:20063:do_check_main": [
        77.35421146427885,
        77.35421146427885,
        {
          "kernel/bpf/verifier.c:18807:do_check": [
            75.49357033419535,
            97.59464792561073,
            {
              "kernel/bpf/verifier.c:17703:bpf_is_state_visited": [
                35.789712962800444,
                47.407630615913845,
                {
                  "kernel/bpf/states.c:1370:states_equal": [
                    13.215260990192935,
                    36.92474707447018,
                    {
                      "kernel/bpf/states.c:967:refsafe": [
                        2.679693095242274,
                        20.277262002096506,
                        {}
                      ]
                    }
                  ],
                  "kernel/bpf/states.c:1382:propagate_precision": [
                    0.3292937534701873,
                    0.9200793362395857,
                    {}
                  ]
                }
              ],
              "kernel/bpf/verifier.c:17790:do_check_insn": [
                24.7260216210061,
                32.75248675026073,
                {
                  "kernel/bpf/verifier.c:17642:check_cond_jmp_op": [
                    5.982733503740846,
                    24.19610237118853,
                    {}
                  ],
                  "kernel/bpf/verifier.c:17628:check_kfunc_call": [
                    4.927291415254227,
                    19.927554423345743,
                    {}
                  ],
                  "kernel/bpf/verifier.c:17578:check_alu_op": [
                    3.139656390988065,
                    12.697782276145697,
                    {}
                  ],
                  "kernel/bpf/verifier.c:17588:check_store_reg": [
                    0.8161580911390518,
                    3.300806347454138,
                    {}
                  ],
                  "kernel/bpf/verifier.c:17583:check_load_mem": [
                    0.5948965932338999,
                    2.4059535430014467,
                    {}
                  ],
                  "kernel/bpf/verifier.c:17629:check_helper_call": [
                    0.21451483303074653,
                    0.8675671174229845,
                    {}
                  ],
                  "kernel/bpf/verifier.c:17651:check_ld_imm": [
                    0.07161053935219175,
                    0.28961609938638366,
                    {}
                  ],
                  "kernel/bpf/verifier.c:17640:process_bpf_exit_full": [
                    0.011883719347302982,
                    0.04806159085943335,
                    {}
                  ]
                }
              ]
            }
          ],
          "kernel/bpf/verifier.c:18798:18708": [
            0.0045462932085143255,
            0.005877240711856708,
            {}
          ]
        }
      ],
      "kernel/bpf/verifier.c:20055:bpf_compute_live_registers": [
        19.734748192291935,
        19.734748192291935,
        {}
      ],
      "kernel/bpf/verifier.c:20102:bpf_do_misc_fixups": [
        0.8320658364901247,
        0.8320658364901247,
        {}
      ],
      "kernel/bpf/verifier.c:20039:bpf_compute_const_regs": [
        0.4252111222366393,
        0.4252111222366393,
        {}
      ],
      "kernel/bpf/verifier.c:20001:add_subprog_and_kfunc": [
        0.21322200765506735,
        0.21322200765506735,
        {}
      ],
      "kernel/bpf/verifier.c:20009:bpf_check_btf_info": [
        0.14495911546771384,
        0.14495911546771384,
        {}
      ],
      "kernel/bpf/verifier.c:20051:bpf_compute_scc": [
        0.11404260929832545,
        0.11404260929832545,
        {}
      ],
      "kernel/bpf/verifier.c:20013:check_and_resolve_insns": [
        0.10157669044409408,
        0.10157669044409408,
        {}
      ],
      "kernel/bpf/verifier.c:20023:bpf_check_cfg": [
        0.09383686170492844,
        0.09383686170492844,
        {}
      ],
      "kernel/bpf/verifier.c:20027:bpf_compute_postorder": [
        0.05202123829554245,
        0.05202123829554245,
        {}
      ],
      "kernel/bpf/verifier.c:20047:sort_subprogs_topo": [
        0.03295420444363774,
        0.03295420444363774,
        {}
      ],
      "kernel/bpf/verifier.c:20099:bpf_convert_ctx_accesses": [
        0.02091637346214783,
        0.02091637346214783,
        {}
      ],
      "kernel/bpf/verifier.c:20079:check_max_stack_depth": [
        0.020813632372689878,
        0.020813632372689878,
        {}
      ],
      "kernel/bpf/verifier.c:20059:mark_fastcall_patterns": [
        0.01773996144640618,
        0.01773996144640618,
        {}
      ],
      "kernel/bpf/verifier.c:20076:bpf_remove_fastcall_spills_fills": [
        0.016027609955440336,
        0.016027609955440336,
        {}
      ],
      "kernel/bpf/verifier.c:20108:bpf_opt_subreg_zext_lo32_rnd_hi32": [
        0.015531028023060237,
        0.015531028023060237,
        {}
      ],
      "kernel/bpf/verifier.c:20005:check_subprogs": [
        0.014529302400845216,
        0.014529302400845216,
        {}
      ],
      "kernel/bpf/verifier.c:20043:bpf_prune_dead_branches": [
        0.01348476799135605,
        0.01348476799135605,
        {}
      ],
      "kernel/bpf/verifier.c:20087:bpf_opt_hard_wire_dead_code_branches": [
        0.012705648062966588,
        0.012705648062966588,
        {}
      ],
      "kernel/bpf/verifier.c:20031:bpf_stack_liveness_init": [
        0.010599455729078597,
        0.010599455729078597,
        {}
      ],
      "kernel/bpf/verifier.c:19997:bpf_check_btf_info_early": [
        0.009340877383218697,
        0.009340877383218697,
        {}
      ],
      "kernel/bpf/verifier.c:20089:bpf_opt_remove_dead_code": [
        0.008082299037358801,
        0.008082299037358801,
        {}
      ],
      "kernel/bpf/verifier.c:20083:bpf_optimize_bpf_loop": [
        0.0075257848027949,
        0.0075257848027949,
        {}
      ],
      "kernel/bpf/verifier.c:20091:bpf_opt_remove_nops": [
        0.004109643578318035,
        0.004109643578318035,
        {}
      ],
      "kernel/bpf/verifier.c:20114:bpf_fixup_call_args": [
        0.0019606424571558955,
        0.0019606424571558955,
        {}
      ],
      "kernel/bpf/verifier.c:20064:do_check_subprogs": [
        0.001763722035694823,
        0.001763722035694823,
        {}
      ],
      "kernel/bpf/verifier.c:20035:check_attach_btf_id": [
        0.0014383752524113119,
        0.0014383752524113119,
        {}
      ],
      "kernel/bpf/verifier.c:20107:bpf_prog_is_offloaded": [
        0.0013527576778630196,
        0.0013527576778630196,
        {}
      ],
      "kernel/bpf/verifier.c:20017:bpf_prog_is_offloaded": [
        0.0013185106480437026,
        0.0013185106480437026,
        {}
      ],
      "kernel/bpf/verifier.c:20066:bpf_prog_is_offloaded": [
        0.0012757018607695565,
        0.0012757018607695565,
        {}
      ]
    },
    "durations_per_insn_type": {
      "jgt": [
        1,
        1276252,
        1276252.0
      ],
      "ldx": [
        3,
        1677053,
        559017.6666666666
      ],
      "call kernel-function": [
        4,
        731260,
        182815.0
      ],
      "jne32": [
        3,
        299152,
        99717.33333333333
      ],
      "add": [
        27,
        2412619,
        89356.25925925926
      ],
      "jne": [
        1,
        56320,
        56320.0
      ],