{
  "program_name": "selftest_verifier_gotol_5",
  "verification_stats": {
    "subprog_cnt": 1,
    "insn_processed": 40004,
    "complexity_limit_insns": 1000000,
    "max_states_per_insn": 0,
    "total_states": 0,
    "peak_states": 0,
    "longest_mark_read_walk": 0
  },
  "stats": {
    "verification_time": 188175397,
    "program_length": 40004,
    "num_records": 80042,
    "num_record_sites": 36,
    "site_tree": {
      "kernel/bpf/verifier.c:20055:bpf_compute_live_registers": [
        68.93070192380144,
        68.93070192380144,
        {}
      ],
      "kernel/bpf/verifier.c:20063:do_check_main": [
        22.746680853289234,
        22.746680853289234,
        {
          "kernel/bpf/verifier.c:18807:do_check": [
            22.69649310212429,
            99.77936231009421,
            {
              "kernel/bpf/verifier.c:17790:do_check_insn": [
                16.192707700252654,
                71.34453603643766,
                {
                  "kernel/bpf/verifier.c:17578:check_alu_op": [
                    6.19617133051671,
                    38.26519594632114,
                    {}
                  ],
                  "kernel/bpf/verifier.c:17640:process_bpf_exit_full": [
                    0.0004081298683270481,
                    0.002520454737293134,
                    {}
                  ]
                }
              ],
              "kernel/bpf/verifier.c:17703:bpf_is_state_visited": [
                0.0006345144046647076,
                0.0027956495384977333,
                {}
              ]
            }
          ],
          "kernel/bpf/verifier.c:18798:18708": [
            0.0007253870706594019,
            0.003188979857492083,
            {}
          ]
        }
      ],
      "kernel/bpf/verifier.c:20039:bpf_compute_const_regs": [
        3.601339020956071,
        3.601339020956071,
        {}
      ],
      "kernel/bpf/verifier.c:20051:bpf_compute_scc": [
        0.5187304055481812,
        0.5187304055481812,
        {}
      ],
      "kernel/bpf/verifier.c:20013:check_and_resolve_insns": [
        0.36175930055298355,
        0.36175930055298355,
        {}
      ],
      "kernel/bpf/verifier.c:20027:bpf_compute_postorder": [
        0.34688700563761793,
        0.34688700563761793,
        {}
      ],
      "kernel/bpf/verifier.c:20023:bpf_check_cfg": [
        0.30488629711778953,
        0.30488629711778953,
        {}
      ],
      "kernel/bpf/verifier.c:20102:bpf_do_misc_fixups": [
        0.2788488869243624,
        0.2788488869243624,
        {}
      ],
      "kernel/bpf/verifier.c:20108:bpf_opt_subreg_zext_lo32_rnd_hi32": [
        0.13754401697901028,
        0.13754401697901028,
        {}
      ],
      "kernel/bpf/verifier.c:20005:check_subprogs": [
        0.13504900430740158,
        0.13504900430740158,
        {}
      ],
      "kernel/bpf/verifier.c:20089:bpf_opt_remove_dead_code": [
        0.11579834743220975,
        0.11579834743220975,
        {}
      ],
      "kernel/bpf/verifier.c:20099:bpf_convert_ctx_accesses": [
        0.09879665618561177,
        0.09879665618561177,
        {}
      ],
      "kernel/bpf/verifier.c:20076:bpf_remove_fastcall_spills_fills": [
        0.09294998325418705,
        0.09294998325418705,
        {}
      ],
      "kernel/bpf/verifier.c:20043:bpf_prune_dead_branches": [
        0.06100744402840293,
        0.06100744402840293,
        {}
      ],
      "kernel/bpf/verifier.c:20059:mark_fastcall_patterns": [
        0.035965381808122344,
        0.035965381808122344,
        {}
      ],
      "kernel/bpf/verifier.c:20083:bpf_optimize_bpf_loop": [
        0.03497747370236716,
        0.03497747370236716,
        {}
      ],
      "kernel/bpf/verifier.c:20079:check_max_stack_depth": [
        0.03175388544550274,
        0.03175388544550274,
        {}
      ],
      "kernel/bpf/verifier.c:20091:bpf_opt_remove_nops": [
        0.026977490580237757,
        0.026977490580237757,
        {}
      ],
      "kernel/bpf/verifier.c:20001:add_subprog_and_kfunc": [
        0.02597098280600412,
        0.02597098280600412,
        {}
      ],
      "kernel/bpf/verifier.c:20087:bpf_opt_hard_wire_dead_code_branches": [
        0.02048620628126003,
        0.02048620628126003,
        {}
      ],
      "kernel/bpf/verifier.c:20047:sort_subprogs_topo": [
        0.016835357068490733,
        0.016835357068490733,
        {}
      ],
      "kernel/bpf/verifier.c:20031:bpf_stack_liveness_init": [
        0.0016373022452026498,
        0.0016373022452026498,
        {}
      ],
      "kernel/bpf/verifier.c:20009:bpf_check_btf_info": [
        0.0015735319532765486,
        0.0015735319532765486,
        {}
      ],
      "kernel/bpf/verifier.c:19997:bpf_check_btf_info_early": [
        0.0015241099770338202,
        0.0015241099770338202,
        {}
      ],
      "kernel/bpf/verifier.c:20035:check_attach_btf_id": [
        0.00018918519938076708,
        0.00018918519938076708,
        {}
      ],
      "kernel/bpf/verifier.c:20114:bpf_fixup_call_args": [
        0.0001631456635109424,
        0.0001631456635109424,
        {}
      ],
      "kernel/bpf/verifier.c:20064:do_check_subprogs": [
        0.00013126051754789176,
        0.00013126051754789176,
        {}
      ],
      "kernel/bpf/verifier.c:20017:bpf_prog_is_offloaded": [
        0.00011956929736143985,
        0.00011956929736143985,
        {}
      ],
      "kernel/bpf/verifier.c:20107:bpf_prog_is_offloaded": [
        9.034124689531011e-05,
        9.034124689531011e-05,
        {}
      ],
      "kernel/bpf/verifier.c:20066:bpf_prog_is_offloaded": [
        8.39642177027e-05,
        8.39642177027e-05,
        {}
      ]
    },
    "durations_per_insn_type": {
      "mov": [
        1,
        1416,
        1416.0
      ],
      "exit": [
        1,
        1324,
        1324.0
      ],
      "add": [
        40000,
        30468029,
        761.700725
      ],
      "gotol": [
        2,
        1117,
        558.5
      ]
    },
    "analysis_time": "0.54s"
  },
  "site_tree": {
    "kernel/bpf/verifier.c:19997:bpf_check_btf_info_early": {
      "inclusive_duration": 2868,
      "exclusive_duration": 2868,
      "children_duration": 0,
      "children": []
    },
    "kernel/bpf/verifier.c:20001:add_subprog_and_kfunc": {
      "inclusive_duration": 48871,
      "exclusive_duration": 48871,
      "children_duration": 0,
      "children": []
    },
    "kernel/bpf/verifier.c:20005:check_subprogs": {
      "inclusive_duration": 254129,
      "exclusive_duration": 254129,
      "children_duration": 0,
      "children": []
    },
    "kernel/bpf/verifier.c:20009:bpf_check_btf_info": {
      "inclusive_duration": 2961,
      "exclusive_duration": 2961,
      "children_duration": 0,
      "children": []
    },
    "kernel/bpf/verifier.c:20013:check_and_resolve_insns": {
      "inclusive_duration": 680742,
      "exclusive_duration": 680742,
      "children_duration": 0,
      "children": []
    },
    "kernel/bpf/verifier.c:20017:bpf_prog_is_offloaded": {
      "inclusive_duration": 225,
      "exclusive_duration": 225,
      "children_duration": 0,
      "children": []
    },
    "kernel/bpf/verifier.c:20023:bpf_check_cfg": {
      "inclusive_duration": 573721,
      "exclusive_duration": 573721,
      "children_duration": 0,
      "children": []
    },
    "kernel/bpf/verifier.c:20027:bpf_compute_postorder": {
      "inclusive_duration": 652756,
      "exclusive_duration": 652756,
      "children_duration": 0,
      "children": []
    },
    "kernel/bpf/verifier.c:20031:bpf_stack_liveness_init": {
      "inclusive_duration": 3081,
      "exclusive_duration": 3081,
      "children_duration": 0,
      "children": []
    },
    "kernel/bpf/verifier.c:20035:check_attach_btf_id": {
      "inclusive_duration": 356,
      "exclusive_duration": 356,
      "children_duration": 0,
      "children": []
    },