{
  "program_name": "selftest_test_bpf_ma-7",
  "verification_stats": {
    "subprog_cnt": 1,
    "insn_processed": 97956,
    "complexity_limit_insns": 1000000,
    "max_states_per_insn": 11,
    "total_states": 4857,
    "peak_states": 451,
    "longest_mark_read_walk": 0
  },
  "stats": {
    "verification_time": 146444995,
    "program_length": 475,
    "num_records": 305982,
    "num_record_sites": 45,
    "site_tree": {
      "kernel/bpf/verifier.c:20063:do_check_main": [
        98.2813533504508,
        98.2813533504508,
        {
          "kernel/bpf/verifier.c:18807:do_check": [
            98.04259134974193,
            99.75706276667,
            {
              "kernel/bpf/verifier.c:17790:do_check_insn": [
                41.653329975531086,
                42.48493374368641,
                {
                  "kernel/bpf/verifier.c:17642:check_cond_jmp_op": [
                    14.632252881021984,
                    35.12865091366665,
                    {}
                  ],
                  "kernel/bpf/verifier.c:17628:check_kfunc_call": [
                    4.635339705532442,
                    11.128377270809885,
                    {}
                  ],
                  "kernel/bpf/verifier.c:17578:check_alu_op": [
                    4.458163285129682,
                    10.703017712506048,
                    {}
                  ],
                  "kernel/bpf/verifier.c:17629:check_helper_call": [
                    2.554453294904343,
                    6.132650850255996,
                    {}
                  ],
                  "kernel/bpf/verifier.c:17588:check_store_reg": [
                    0.7486087182426412,
                    1.7972361841956102,
                    {}
                  ],
                  "kernel/bpf/verifier.c:17651:check_ld_imm": [
                    0.556620593281457,
                    1.3363171530546039,
                    {}
                  ],
                  "kernel/bpf/verifier.c:17583:check_load_mem": [
                    0.46053263889284846,
                    1.1056322247546226,
                    {}
                  ],
                  "kernel/bpf/verifier.c:17640:process_bpf_exit_full": [
                    0.0003823961344667327,
                    0.0009180445709655585,
                    {}
                  ]
                }
              ],
              "kernel/bpf/verifier.c:17703:bpf_is_state_visited": [
                32.32563803221817,
                32.9710155425255,
                {
                  "kernel/bpf/states.c:1370:states_equal": [
                    10.016573799603053,
                    30.986468974316235,
                    {
                      "kernel/bpf/states.c:967:refsafe": [
                        2.4367346934594796,
                        24.327027806214986,
                        {}
                      ]
                    }
                  ],
                  "kernel/bpf/states.c:1382:propagate_precision": [
                    1.5705063870567921,
                    4.858392541212975,
                    {}
                  ]
                }
              ]
            }
          ],
          "kernel/bpf/verifier.c:18798:18708": [
            0.001154699756041509,
            0.0011748919980009744,
            {}
          ]
        }
      ],
      "kernel/bpf/verifier.c:20055:bpf_compute_live_registers": [
        1.1136413368036238,
        1.1136413368036238,
        {}
      ],
      "kernel/bpf/verifier.c:20102:bpf_do_misc_fixups": [
        0.265632157657556,
        0.265632157657556,
        {}
      ],
      "kernel/bpf/verifier.c:20039:bpf_compute_const_regs": [
        0.06006623852184228,
        0.06006623852184228,
        {}
      ],
      "kernel/bpf/verifier.c:20023:bpf_check_cfg": [
        0.030129401144777943,
        0.030129401144777943,
        {}
      ],
      "kernel/bpf/verifier.c:20001:add_subprog_and_kfunc": [
        0.024222746567747158,
        0.024222746567747158,
        {}
      ],
      "kernel/bpf/verifier.c:20035:check_attach_btf_id": [
        0.012291987172385098,
        0.012291987172385098,
        {}
      ],
      "kernel/bpf/verifier.c:20013:check_and_resolve_insns": [
        0.011570214468579141,
        0.011570214468579141,
        {}
      ],
      "kernel/bpf/verifier.c:20009:bpf_check_btf_info": [
        0.00981255795051241,
        0.00981255795051241,
        {}
      ],
      "kernel/bpf/verifier.c:20059:mark_fastcall_patterns": [
        0.009722421718816678,
        0.009722421718816678,
        {}
      ],
      "kernel/bpf/verifier.c:20051:bpf_compute_scc": [
        0.00968964490729096,
        0.00968964490729096,
        {}
      ],
      "kernel/bpf/verifier.c:20027:bpf_compute_postorder": [
        0.005095428491769214,
        0.005095428491769214,
        {}
      ],
      "kernel/bpf/verifier.c:20108:bpf_opt_subreg_zext_lo32_rnd_hi32": [
        0.002380415937055411,
        0.002380415937055411,
        {}
      ],
      "kernel/bpf/verifier.c:20076:bpf_remove_fastcall_spills_fills": [
        0.00229915675848123,
        0.00229915675848123,
        {}
      ],
      "kernel/bpf/verifier.c:20005:check_subprogs": [
        0.0019946055513880828,
        0.0019946055513880828,
        {}
      ],
      "kernel/bpf/verifier.c:20099:bpf_convert_ctx_accesses": [
        0.0019270033776162853,
        0.0019270033776162853,
        {}
      ],
      "kernel/bpf/verifier.c:20043:bpf_prune_dead_branches": [
        0.0017767763247900686,
        0.0017767763247900686,
        {}
      ],
      "kernel/bpf/verifier.c:20079:check_max_stack_depth": [
        0.0015521185957908634,
        0.0015521185957908634,
        {}
      ],
      "kernel/bpf/verifier.c:20047:sort_subprogs_topo": [
        0.0014237427506484603,
        0.0014237427506484603,
        {}
      ],
      "kernel/bpf/verifier.c:20087:bpf_opt_hard_wire_dead_code_branches": [
        0.0013534091759161862,
        0.0013534091759161862,
        {}
      ],
      "kernel/bpf/verifier.c:20083:bpf_optimize_bpf_loop": [
        0.0009867185969721943,
        0.0009867185969721943,
        {}
      ],
      "kernel/bpf/verifier.c:19997:bpf_check_btf_info_early": [
        0.0008849739111944385,
        0.0008849739111944385,
        {}
      ],
      "kernel/bpf/verifier.c:20089:bpf_opt_remove_dead_code": [
        0.0008487828484681228,
        0.0008487828484681228,
        {}
      ],
      "kernel/bpf/verifier.c:20031:bpf_stack_liveness_init": [
        0.0007613780177328696,
        0.0007613780177328696,
        {}
      ],
      "kernel/bpf/verifier.c:20091:bpf_opt_remove_nops": [
        0.0005694971002593841,
        0.0005694971002593841,
        {}
      ],
      "kernel/bpf/verifier.c:20064:do_check_subprogs": [
        0.00012359589346156897,
        0.00012359589346156897,
        {}
      ],
      "kernel/bpf/verifier.c:20114:bpf_fixup_call_args": [
        0.0001208644925010923,
        0.0001208644925010923,
        {}
      ],
      "kernel/bpf/verifier.c:20066:bpf_prog_is_offloaded": [
        5.394516896941408e-05,
        5.394516896941408e-05,
        {}
      ],
      "kernel/bpf/verifier.c:20107:bpf_prog_is_offloaded": [
        5.394516896941408e-05,
        5.394516896941408e-05,
        {}
      ],
      "kernel/bpf/verifier.c:20017:bpf_prog_is_offloaded": [
        5.3262318729294916e-05,
        5.3262318729294916e-05,
        {}
      ]
    },
    "durations_per_insn_type": {
      "add": [
        36,
        28617404,
        794927.8888888889
      ],
      "jeq": [
        36,
        26701426,
        741706.2777777778
      ],
      "jne": [
        9,
        4443076,
        493675.1111111111
      ],
      "stx": [
        36,
        12209335,
        339148.19444444444
      ],
      "jeq32": [
        9,
        2877681,
        319742.3333333333
      ],