{
  "program_name": "selftest_test_profiler_11",
  "verification_stats": {
    "subprog_cnt": 1,
    "insn_processed": 5820,
    "complexity_limit_insns": 1000000,
    "max_states_per_insn": 1,
    "total_states": 454,
    "peak_states": 454,
    "longest_mark_read_walk": 0
  },
  "stats": {
    "verification_time": 36831109,
    "program_length": 5105,
    "num_records": 13440,
    "num_record_sites": 44,
    "site_tree": {
      "kernel/bpf/verifier.c:20055:bpf_compute_live_registers": [
        43.51299060802106,
        43.51299060802106,
        {}
      ],
      "kernel/bpf/verifier.c:20063:do_check_main": [
        38.08062092292687,
        38.08062092292687,
        {
          "kernel/bpf/verifier.c:18807:do_check": [
            35.52062741309256,
            93.27743758428835,
            {
              "kernel/bpf/verifier.c:17790:do_check_insn": [
                16.76553372313606,
                47.19943014564108,
                {
                  "kernel/bpf/verifier.c:17642:check_cond_jmp_op": [
                    3.9917044040134657,
                    23.80899093301756,
                    {}
                  ],
                  "kernel/bpf/verifier.c:17578:check_alu_op": [
                    2.643194914386097,
                    15.765647297816395,
                    {}
                  ],
                  "kernel/bpf/verifier.c:17629:check_helper_call": [
                    1.8074150305927523,
                    10.780539769506774,
                    {}
                  ],
                  "kernel/bpf/verifier.c:17583:check_load_mem": [
                    0.6401083388501824,
                    3.8180015585596734,
                    {}
                  ],
                  "kernel/bpf/verifier.c:17588:check_store_reg": [
                    0.4959964686374228,
                    2.958429339788681,
                    {}
                  ],
                  "kernel/bpf/verifier.c:17651:check_ld_imm": [
                    0.04798389318116921,
                    0.28620558088736847,
                    {}
                  ],
                  "kernel/bpf/verifier.c:17640:process_bpf_exit_full": [
                    0.0015693255394509029,
                    0.009360426965025688,
                    {}
                  ]
                }
              ],
              "kernel/bpf/verifier.c:17703:bpf_is_state_visited": [
                9.331198797190712,
                26.26980286319864,
                {
                  "kernel/bpf/states.c:1370:states_equal": [
                    1.0827233032814731,
                    11.603260490039526,
                    {
                      "kernel/bpf/states.c:967:refsafe": [
                        0.15477405255432303,
                        14.294885136880328,
                        {}
                      ]
                    }
                  ],
                  "kernel/bpf/states.c:1382:propagate_precision": [
                    0.6286071918171131,
                    6.736617721683993,
                    {}
                  ]
                }
              ]
            }
          ],
          "kernel/bpf/verifier.c:18798:18708": [
            0.012391698550266297,
            0.03254069458412044,
            {}
          ]
        }
      ],
      "kernel/bpf/verifier.c:20102:bpf_do_misc_fixups": [
        9.437578977054423,
        9.437578977054423,
        {}
      ],
      "kernel/bpf/verifier.c:20039:bpf_compute_const_regs": [
        2.1049759864683955,
        2.1049759864683955,
        {}
      ],
      "kernel/bpf/verifier.c:20023:bpf_check_cfg": [
        1.1704969296471632,
        1.1704969296471632,
        {}
      ],
      "kernel/bpf/verifier.c:20091:bpf_opt_remove_nops": [
        0.8342648601756738,
        0.8342648601756738,
        {}
      ],
      "kernel/bpf/verifier.c:20009:bpf_check_btf_info": [
        0.7476532949360825,
        0.7476532949360825,
        {}
      ],
      "kernel/bpf/verifier.c:20059:mark_fastcall_patterns": [
        0.4147906597110611,
        0.4147906597110611,
        {}
      ],
      "kernel/bpf/verifier.c:20043:bpf_prune_dead_branches": [
        0.3867790133606892,
        0.3867790133606892,
        {}
      ],
      "kernel/bpf/verifier.c:20051:bpf_compute_scc": [
        0.33446725701362945,
        0.33446725701362945,
        {}
      ],
      "kernel/bpf/verifier.c:20013:check_and_resolve_insns": [
        0.29342043433989456,
        0.29342043433989456,
        {}
      ],
      "kernel/bpf/verifier.c:20089:bpf_opt_remove_dead_code": [
        0.27765387135098213,
        0.27765387135098213,
        {}
      ],
      "kernel/bpf/verifier.c:20027:bpf_compute_postorder": [
        0.1805267389586341,
        0.1805267389586341,
        {}
      ],
      "kernel/bpf/verifier.c:20099:bpf_convert_ctx_accesses": [
        0.05779896554295989,
        0.05779896554295989,
        {}
      ],
      "kernel/bpf/verifier.c:20108:bpf_opt_subreg_zext_lo32_rnd_hi32": [
        0.052998675657580666,
        0.052998675657580666,
        {}
      ],
      "kernel/bpf/verifier.c:20005:check_subprogs": [
        0.052523533842002965,
        0.052523533842002965,
        {}
      ],
      "kernel/bpf/verifier.c:20076:bpf_remove_fastcall_spills_fills": [
        0.04892331642796854,
        0.04892331642796854,
        {}
      ],
      "kernel/bpf/verifier.c:20079:check_max_stack_depth": [
        0.033591168813298565,
        0.033591168813298565,
        {}
      ],
      "kernel/bpf/verifier.c:20001:add_subprog_and_kfunc": [
        0.03109599550749341,
        0.03109599550749341,
        {}
      ],
      "kernel/bpf/verifier.c:20087:bpf_opt_hard_wire_dead_code_branches": [
        0.029415351028392874,
        0.029415351028392874,
        {}
      ],
      "kernel/bpf/verifier.c:20083:bpf_optimize_bpf_loop": [
        0.028334742784964742,
        0.028334742784964742,
        {}
      ],
      "kernel/bpf/verifier.c:20047:sort_subprogs_topo": [
        0.027093943872284705,
        0.027093943872284705,
        {}
      ],
      "kernel/bpf/verifier.c:19997:bpf_check_btf_info_early": [
        0.005821166014849024,
        0.005821166014849024,
        {}
      ],
      "kernel/bpf/verifier.c:20031:bpf_stack_liveness_init": [
        0.00556323188639256,
        0.00556323188639256,
        {}
      ],
      "kernel/bpf/verifier.c:20064:do_check_subprogs": [
        0.000714070271411051,
        0.000714070271411051,
        {}
      ],
      "kernel/bpf/verifier.c:20114:bpf_fixup_call_args": [
        0.0007004947909659739,
        0.0007004947909659739,
        {}
      ],
      "kernel/bpf/verifier.c:20035:check_attach_btf_id": [
        0.0006190419082955118,
        0.0006190419082955118,
        {}
      ],
      "kernel/bpf/verifier.c:20107:bpf_prog_is_offloaded": [
        0.0005104380647348957,
        0.0005104380647348957,
        {}
      ],
      "kernel/bpf/verifier.c:20066:bpf_prog_is_offloaded": [
        0.00042355498988640286,
        0.00042355498988640286,
        {}
      ],
      "kernel/bpf/verifier.c:20017:bpf_prog_is_offloaded": [
        0.00040183422117427963,
        0.00040183422117427963,
        {}
      ]
    },
    "durations_per_insn_type": {
      "call bpf_perf_event_output": [
        1,
        24277,
        24277.0
      ],
      "jne": [
        75,
        658634,
        8781.786666666667
      ],
      "jgt": [
        77,
        596745,
        7749.935064935065
      ],
      "jeq": [
        152,
        834943,
        5493.046052631579
      ],
      "jne32": [
        4,
        21337,
        5334.25
      ],
      "jlt": [
        1,
        5164,
        5164.0
      ],
      "ldx": [
        558,
        2477978,
        4440.8207885304655
      ],
      "jeq32": [
        17,
        69974,
        4116.117647058823
      ],
      "call bpf_ktime_get_ns": [
        2,
        5396,
        2698.0
      ],