{
  "program_name": "selftest_verif_scale2_4",
  "verification_stats": {
    "subprog_cnt": 1,
    "insn_processed": 779692,
    "complexity_limit_insns": 1000000,
    "max_states_per_insn": 13,
    "total_states": 3048,
    "peak_states": 801,
    "longest_mark_read_walk": 0
  },
  "stats": {
    "verification_time": 1037963108,
    "program_length": 11429,
    "num_records": 1684532,
    "num_record_sites": 42,
    "site_tree": {
      "kernel/bpf/verifier.c:20063:do_check_main": [
        95.81851708741078,
        95.81851708741078,
        {
          "kernel/bpf/verifier.c:18807:do_check": [
            95.67185224082164,
            99.84693475640482,
            {
              "kernel/bpf/verifier.c:17790:do_check_insn": [
                61.61392298732837,
                64.4013067001526,
                {
                  "kernel/bpf/verifier.c:17578:check_alu_op": [
                    22.75642064534725,
                    36.933893415660904,
                    {}
                  ],
                  "kernel/bpf/verifier.c:17583:check_load_mem": [
                    2.3647838551117366,
                    3.8380673400687093,
                    {}
                  ],
                  "kernel/bpf/verifier.c:17642:check_cond_jmp_op": [
                    1.9561764617167878,
                    3.1748935417066337,
                    {}
                  ],
                  "kernel/bpf/verifier.c:17588:check_store_reg": [
                    0.13831040707855294,
                    0.22447914427879898,
                    {}
                  ],
                  "kernel/bpf/verifier.c:17640:process_bpf_exit_full": [
                    5.385547864770547e-05,
                    8.740796890790654e-05,
                    {}
                  ]
                }
              ],
              "kernel/bpf/verifier.c:17703:bpf_is_state_visited": [
                9.133186456179905,
                9.546367340302126,
                {
                  "kernel/bpf/states.c:1370:states_equal": [
                    3.9429554561779283,
                    43.17173940437793,
                    {
                      "kernel/bpf/states.c:967:refsafe": [
                        0.889184878428261,
                        22.551228090468594,
                        {}
                      ]
                    }
                  ],
                  "kernel/bpf/states.c:1382:propagate_precision": [
                    0.919734037406655,
                    10.070242645537185,
                    {}
                  ]
                }
              ]
            }
          ],
          "kernel/bpf/verifier.c:18798:18708": [
            0.0002648456364982868,
            0.0002764033973273459,
            {}
          ]
        }
      ],
      "kernel/bpf/verifier.c:20055:bpf_compute_live_registers": [
        3.692831441172956,
        3.692831441172956,
        {}
      ],
      "kernel/bpf/verifier.c:20039:bpf_compute_const_regs": [
        0.1371572832432499,
        0.1371572832432499,
        {}
      ],
      "kernel/bpf/verifier.c:20009:bpf_check_btf_info": [
        0.10461595326757991,
        0.10461595326757991,
        {}
      ],
      "kernel/bpf/verifier.c:20051:bpf_compute_scc": [
        0.0277982904956965,
        0.0277982904956965,
        {}
      ],
      "kernel/bpf/verifier.c:20013:check_and_resolve_insns": [
        0.02075083385333576,
        0.02075083385333576,
        {}
      ],
      "kernel/bpf/verifier.c:20027:bpf_compute_postorder": [
        0.016532186806778107,
        0.016532186806778107,
        {}
      ],
      "kernel/bpf/verifier.c:20102:bpf_do_misc_fixups": [
        0.01510670261702596,
        0.01510670261702596,
        {}
      ],
      "kernel/bpf/verifier.c:20023:bpf_check_cfg": [
        0.014679230776668413,
        0.014679230776668413,
        {}
      ],
      "kernel/bpf/verifier.c:20099:bpf_convert_ctx_accesses": [
        0.004891696015847222,
        0.004891696015847222,
        {}
      ],
      "kernel/bpf/verifier.c:20076:bpf_remove_fastcall_spills_fills": [
        0.004291963717847282,
        0.004291963717847282,
        {}
      ],
      "kernel/bpf/verifier.c:20005:check_subprogs": [
        0.003372470536785205,
        0.003372470536785205,
        {}
      ],
      "kernel/bpf/verifier.c:20108:bpf_opt_subreg_zext_lo32_rnd_hi32": [
        0.0028793894281645316,
        0.0028793894281645316,
        {}
      ],
      "kernel/bpf/verifier.c:20043:bpf_prune_dead_branches": [
        0.0024880460394937276,
        0.0024880460394937276,
        {}
      ],
      "kernel/bpf/verifier.c:20059:mark_fastcall_patterns": [
        0.0018954430892933046,
        0.0018954430892933046,
        {}
      ],
      "kernel/bpf/verifier.c:20089:bpf_opt_remove_dead_code": [
        0.0018343619203082505,
        0.0018343619203082505,
        {}
      ],
      "kernel/bpf/verifier.c:20079:check_max_stack_depth": [
        0.0017710648729530763,
        0.0017710648729530763,
        {}
      ],
      "kernel/bpf/verifier.c:20083:bpf_optimize_bpf_loop": [
        0.0016108472325395981,
        0.0016108472325395981,
        {}
      ],
      "kernel/bpf/verifier.c:20001:add_subprog_and_kfunc": [
        0.0013639213080779361,
        0.0013639213080779361,
        {}
      ],
      "kernel/bpf/verifier.c:20091:bpf_opt_remove_nops": [
        0.0013617054297078157,
        0.0013617054297078157,
        {}
      ],
      "kernel/bpf/verifier.c:20047:sort_subprogs_topo": [
        0.0012095805624721683,
        0.0012095805624721683,
        {}
      ],
      "kernel/bpf/verifier.c:20087:bpf_opt_hard_wire_dead_code_branches": [
        0.0011238357038022974,
        0.0011238357038022974,
        {}
      ],
      "kernel/bpf/verifier.c:19997:bpf_check_btf_info_early": [
        0.00029018372394792283,
        0.00029018372394792283,
        {}
      ],
      "kernel/bpf/verifier.c:20031:bpf_stack_liveness_init": [
        0.0002421087975700963,
        0.0002421087975700963,
        {}
      ],
      "kernel/bpf/verifier.c:20114:bpf_fixup_call_args": [
        3.3816230778791804e-05,
        3.3816230778791804e-05,
        {}
      ],
      "kernel/bpf/verifier.c:20035:check_attach_btf_id": [
        2.8228363584575494e-05,
        2.8228363584575494e-05,
        {}
      ],
      "kernel/bpf/verifier.c:20064:do_check_subprogs": [
        2.3507579230841026e-05,
        2.3507579230841026e-05,
        {}
      ],
      "kernel/bpf/verifier.c:20017:bpf_prog_is_offloaded": [
        1.9461192641925766e-05,
        1.9461192641925766e-05,
        {}
      ],
      "kernel/bpf/verifier.c:20107:bpf_prog_is_offloaded": [
        1.5318463515179192e-05,
        1.5318463515179192e-05,
        {}
      ],
      "kernel/bpf/verifier.c:20066:bpf_prog_is_offloaded": [
        1.4836750826022613e-05,
        1.4836750826022613e-05,
        {}
      ]
    },
    "durations_per_insn_type": {
      "jgt": [
        90,
        24902543,
        276694.9222222222
      ],
      "mov": [
        3060,
        298175728,
        97443.04836601307
      ],
      "ldx": [
        809,
        50450063,
        62361.0173053152
      ],
      "add": [
        1346,
        80960233,
        60148.761515601786
      ],
      "rsh": [
        1170,
        67724748,
        57884.4
      ],
      "lsh": [
        1260,
        67969289,
        53943.88015873016
      ],
      "xor": [
        1260,
        67621267,
        53667.67222222222
      ],
      "or": [
        1170,
        61895679,
        52902.28974358975
      ],
      "sub": [
        1170,
        60692493,
        51873.92564102564
      ],
      "stx": [
        93,
        4408690,
        47405.2688172043
      ],
      "exit": [
        1,
        1086,
        1086.0
      ]
    },
    "analysis_time": "10.57s"
  },