{
  "program_name": "selftest_test_profiler-11",
  "verification_stats": {
    "subprog_cnt": 1,
    "insn_processed": 5820,
    "complexity_limit_insns": 1000000,
    "max_states_per_insn": 1,
    "total_states": 454,
    "peak_states": 454,
    "longest_mark_read_walk": 0
  },
  "stats": {
    "verification_time": 29521249,
    "program_length": 5105,
    "num_records": 13440,
    "num_record_sites": 44,
    "site_tree": {
      "kernel/bpf/verifier.c:20055:bpf_compute_live_registers": [
        53.89515192937806,
        53.89515192937806,
        {}
      ],
      "kernel/bpf/verifier.c:20063:do_check_main": [
        25.606030422357804,
        25.606030422357804,
        {
          "kernel/bpf/verifier.c:18807:do_check": [
            24.43928100738556,
            95.44345845206252,
            {
              "kernel/bpf/verifier.c:17790:do_check_insn": [
                12.098736066350039,
                49.505286439047836,
                {
                  "kernel/bpf/verifier.c:17642:check_cond_jmp_op": [
                    2.573746117584659,
                    21.272851176107274,
                    {}
                  ],
                  "kernel/bpf/verifier.c:17578:check_alu_op": [
                    2.408041746472177,
                    19.90325049878237,
                    {}
                  ],
                  "kernel/bpf/verifier.c:17629:check_helper_call": [
                    1.8768413219914917,
                    15.512705721480371,
                    {}
                  ],
                  "kernel/bpf/verifier.c:17583:check_load_mem": [
                    0.5143583186470193,
                    4.251339278964795,
                    {}
                  ],
                  "kernel/bpf/verifier.c:17588:check_store_reg": [
                    0.2924876247614049,
                    2.4175056233757726,
                    {}
                  ],
                  "kernel/bpf/verifier.c:17651:check_ld_imm": [
                    0.038297837601654325,
                    0.31654411991159387,
                    {}
                  ],
                  "kernel/bpf/verifier.c:17640:process_bpf_exit_full": [
                    0.0017919296029785192,
                    0.0148108826670116,
                    {}
                  ]
                }
              ],
              "kernel/bpf/verifier.c:17703:bpf_is_state_visited": [
                6.803970252071652,
                27.840304508203367,
                {
                  "kernel/bpf/states.c:1370:states_equal": [
                    0.9468129210928711,
                    13.915594660405642,
                    {
                      "kernel/bpf/states.c:967:refsafe": [
                        0.10121522974857872,
                        10.690098064119121,
                        {}
                      ]
                    }
                  ],
                  "kernel/bpf/states.c:1382:propagate_precision": [
                    0.547077124006508,
                    8.040557259049386,
                    {}
                  ]
                }
              ]
            }
          ],
          "kernel/bpf/verifier.c:18798:18708": [
            0.014989203200718235,
            0.05853778564455063,
            {}
          ]
        }
      ],
      "kernel/bpf/verifier.c:20102:bpf_do_misc_fixups": [
        10.426814935912773,
        10.426814935912773,
        {}
      ],
      "kernel/bpf/verifier.c:20039:bpf_compute_const_regs": [
        2.8881061231521743,
        2.8881061231521743,
        {}
      ],
      "kernel/bpf/verifier.c:20091:bpf_opt_remove_nops": [
        1.2076690928625682,
        1.2076690928625682,
        {}
      ],
      "kernel/bpf/verifier.c:20023:bpf_check_cfg": [
        0.9526189085021437,
        0.9526189085021437,
        {}
      ],
      "kernel/bpf/verifier.c:20051:bpf_compute_scc": [
        0.5839556449661056,
        0.5839556449661056,
        {}
      ],
      "kernel/bpf/verifier.c:20059:mark_fastcall_patterns": [
        0.43039506898912033,
        0.43039506898912033,
        {}
      ],
      "kernel/bpf/verifier.c:20089:bpf_opt_remove_dead_code": [
        0.34591693596703854,
        0.34591693596703854,
        {}
      ],
      "kernel/bpf/verifier.c:20013:check_and_resolve_insns": [
        0.3446398897282429,
        0.3446398897282429,
        {}
      ],
      "kernel/bpf/verifier.c:20009:bpf_check_btf_info": [
        0.3302028311877997,
        0.3302028311877997,
        {}
      ],
      "kernel/bpf/verifier.c:20043:bpf_prune_dead_branches": [
        0.2749375543019877,
        0.2749375543019877,
        {}
      ],
      "kernel/bpf/verifier.c:20027:bpf_compute_postorder": [
        0.21450650682157793,
        0.21450650682157793,
        {}
      ],
      "kernel/bpf/verifier.c:20099:bpf_convert_ctx_accesses": [
        0.0707625886696054,
        0.0707625886696054,
        {}
      ],
      "kernel/bpf/verifier.c:20076:bpf_remove_fastcall_spills_fills": [
        0.06710081948091018,
        0.06710081948091018,
        {}
      ],
      "kernel/bpf/verifier.c:20005:check_subprogs": [
        0.06344921246387644,
        0.06344921246387644,
        {}
      ],
      "kernel/bpf/verifier.c:20108:bpf_opt_subreg_zext_lo32_rnd_hi32": [
        0.06303933820686244,
        0.06303933820686244,
        {}
      ],
      "kernel/bpf/verifier.c:20087:bpf_opt_hard_wire_dead_code_branches": [
        0.03783037770522514,
        0.03783037770522514,
        {}
      ],
      "kernel/bpf/verifier.c:20001:add_subprog_and_kfunc": [
        0.037264683482734755,
        0.037264683482734755,
        {}
      ],
      "kernel/bpf/verifier.c:20083:bpf_optimize_bpf_loop": [
        0.03531015913317218,
        0.03531015913317218,
        {}
      ],
      "kernel/bpf/verifier.c:20079:check_max_stack_depth": [
        0.03348774301520915,
        0.03348774301520915,
        {}
      ],
      "kernel/bpf/verifier.c:20047:sort_subprogs_topo": [
        0.02741076436162982,
        0.02741076436162982,
        {}
      ],
      "kernel/bpf/verifier.c:19997:bpf_check_btf_info_early": [
        0.00379726481084862,
        0.00379726481084862,
        {}
      ],
      "kernel/bpf/verifier.c:20031:bpf_stack_liveness_init": [
        0.0028928315329747735,
        0.0028928315329747735,
        {}
      ],
      "kernel/bpf/verifier.c:20064:do_check_subprogs": [
        0.0006707033296592566,
        0.0006707033296592566,
        {}
      ],
      "kernel/bpf/verifier.c:20114:bpf_fixup_call_args": [
        0.0006266672524594065,
        0.0006266672524594065,
        {}
      ],
      "kernel/bpf/verifier.c:20035:check_attach_btf_id": [
        0.0005656942224903832,
        0.0005656942224903832,
        {}
      ],
      "kernel/bpf/verifier.c:20107:bpf_prog_is_offloaded": [
        0.00034890122704496685,
        0.00034890122704496685,
        {}
      ],
      "kernel/bpf/verifier.c:20066:bpf_prog_is_offloaded": [
        0.00026760385375293574,
        0.00026760385375293574,
        {}
      ],
      "kernel/bpf/verifier.c:20017:bpf_prog_is_offloaded": [
        0.00026082907264526645,
        0.00026082907264526645,
        {}
      ]
    },
    "durations_per_insn_type": {
      "call bpf_perf_event_output": [
        1,
        23806,
        23806.0
      ],
      "jgt": [
        77,
        368661,
        4787.805194805195
      ],
      "jne": [
        75,
        309571,
        4127.613333333334
      ],
      "jne32": [
        4,
        13008,
        3252.0
      ],
      "jeq": [
        152,
        459995,
        3026.282894736842
      ],
      "jlt": [
        1,
        2936,
        2936.0
      ],
      "ldx": [
        558,
        1507423,
        2701.4749103942654
      ],
      "jeq32": [
        17,
        38769,
        2280.529411764706
      ],
      "call bpf_ktime_get_ns": [
        2,
        3689,
        1844.5
      ],