{
  "program_name": "selftest_verif_scale_pyperf50-5",
  "verification_stats": {
    "subprog_cnt": 1,
    "insn_processed": 35488,
    "complexity_limit_insns": 1000000,
    "max_states_per_insn": 0,
    "total_states": 2571,
    "peak_states": 2571,
    "longest_mark_read_walk": 0
  },
  "stats": {
    "verification_time": 292722630,
    "program_length": 25808,
    "num_records": 83276,
    "num_record_sites": 44,
    "site_tree": {
      "kernel/bpf/verifier.c:20102:bpf_do_misc_fixups": [
        42.06639507167587,
        42.06639507167587,
        {}
      ],
      "kernel/bpf/verifier.c:20055:bpf_compute_live_registers": [
        31.962078230849457,
        31.962078230849457,
        {}
      ],
      "kernel/bpf/verifier.c:20063:do_check_main": [
        21.82636169946956,
        21.82636169946956,
        {
          "kernel/bpf/verifier.c:18807:do_check": [
            20.5433730900819,
            94.1218393287286,
            {
              "kernel/bpf/verifier.c:17790:do_check_insn": [
                9.29895648997141,
                45.264993480845845,
                {
                  "kernel/bpf/verifier.c:17642:check_cond_jmp_op": [
                    2.6024222999089615,
                    27.986175682352965,
                    {}
                  ],
                  "kernel/bpf/verifier.c:17629:check_helper_call": [
                    1.5539457950347058,
                    16.71096963095354,
                    {}
                  ],
                  "kernel/bpf/verifier.c:17578:check_alu_op": [
                    1.1495670833512257,
                    12.362323499319439,
                    {}
                  ],
                  "kernel/bpf/verifier.c:17583:check_load_mem": [
                    1.0968513093777545,
                    11.795423610817721,
                    {}
                  ],
                  "kernel/bpf/verifier.c:17588:check_store_reg": [
                    0.2403500542475995,
                    2.58469920261277,
                    {}
                  ],
                  "kernel/bpf/verifier.c:17651:check_ld_imm": [
                    0.02997479217783743,
                    0.3223457622386357,
                    {}
                  ],
                  "kernel/bpf/verifier.c:17640:process_bpf_exit_full": [
                    0.000341278704690512,
                    0.0036700752934866266,
                    {}
                  ]
                }
              ],
              "kernel/bpf/verifier.c:17703:bpf_is_state_visited": [
                7.340239119879458,
                35.73044741821507,
                {
                  "kernel/bpf/states.c:1370:states_equal": [
                    1.211133898325524,
                    16.499924301449916,
                    {
                      "kernel/bpf/states.c:967:refsafe": [
                        0.06995086099082944,
                        5.77565049475878,
                        {}
                      ]
                    }
                  ],
                  "kernel/bpf/states.c:1382:propagate_precision": [
                    0.4731007643652286,
                    6.445304528076436,
                    {}
                  ]
                }
              ]
            }
          ],
          "kernel/bpf/verifier.c:18798:18708": [
            0.0010624392107982906,
            0.004867688098580857,
            {}
          ]
        }
      ],
      "kernel/bpf/verifier.c:20039:bpf_compute_const_regs": [
        1.3610085424553613,
        1.3610085424553613,
        {}
      ],
      "kernel/bpf/verifier.c:20023:bpf_check_cfg": [
        0.39313017924169374,
        0.39313017924169374,
        {}
      ],
      "kernel/bpf/verifier.c:20009:bpf_check_btf_info": [
        0.26572561198975286,
        0.26572561198975286,
        {}
      ],
      "kernel/bpf/verifier.c:20051:bpf_compute_scc": [
        0.24229421551726285,
        0.24229421551726285,
        {}
      ],
      "kernel/bpf/verifier.c:20013:check_and_resolve_insns": [
        0.17615447087230668,
        0.17615447087230668,
        {}
      ],
      "kernel/bpf/verifier.c:20027:bpf_compute_postorder": [
        0.13774746421211095,
        0.13774746421211095,
        {}
      ],
      "kernel/bpf/verifier.c:20059:mark_fastcall_patterns": [
        0.09968993514440616,
        0.09968993514440616,
        {}
      ],
      "kernel/bpf/verifier.c:20108:bpf_opt_subreg_zext_lo32_rnd_hi32": [
        0.057073824459694146,
        0.057073824459694146,
        {}
      ],
      "kernel/bpf/verifier.c:20099:bpf_convert_ctx_accesses": [
        0.043632431151633205,
        0.043632431151633205,
        {}
      ],
      "kernel/bpf/verifier.c:20005:check_subprogs": [
        0.037680380228887665,
        0.037680380228887665,
        {}
      ],
      "kernel/bpf/verifier.c:20076:bpf_remove_fastcall_spills_fills": [
        0.037284100651869656,
        0.037284100651869656,
        {}
      ],
      "kernel/bpf/verifier.c:20089:bpf_opt_remove_dead_code": [
        0.028104079278052398,
        0.028104079278052398,
        {}
      ],
      "kernel/bpf/verifier.c:20043:bpf_prune_dead_branches": [
        0.027209717267161752,
        0.027209717267161752,
        {}
      ],
      "kernel/bpf/verifier.c:20079:check_max_stack_depth": [
        0.014548926401761284,
        0.014548926401761284,
        {}
      ],
      "kernel/bpf/verifier.c:20083:bpf_optimize_bpf_loop": [
        0.014228828157221736,
        0.014228828157221736,
        {}
      ],
      "kernel/bpf/verifier.c:20001:add_subprog_and_kfunc": [
        0.013601613240493226,
        0.013601613240493226,
        {}
      ],
      "kernel/bpf/verifier.c:20087:bpf_opt_hard_wire_dead_code_branches": [
        0.013253160508977388,
        0.013253160508977388,
        {}
      ],
      "kernel/bpf/verifier.c:20091:bpf_opt_remove_nops": [
        0.010683492424210591,
        0.010683492424210591,
        {}
      ],
      "kernel/bpf/verifier.c:20047:sort_subprogs_topo": [
        0.00817599923859662,
        0.00817599923859662,
        {}
      ],
      "kernel/bpf/verifier.c:19997:bpf_check_btf_info_early": [
        0.0009384310328176541,
        0.0009384310328176541,
        {}
      ],
      "kernel/bpf/verifier.c:20031:bpf_stack_liveness_init": [
        0.0007590803621845021,
        0.0007590803621845021,
        {}
      ],
      "kernel/bpf/verifier.c:20064:do_check_subprogs": [
        9.770341295444086e-05,
        9.770341295444086e-05,
        {}
      ],
      "kernel/bpf/verifier.c:20114:bpf_fixup_call_args": [
        8.164725767871108e-05,
        8.164725767871108e-05,
        {}
      ],
      "kernel/bpf/verifier.c:20035:check_attach_btf_id": [
        7.515647150341605e-05,
        7.515647150341605e-05,
        {}
      ],
      "kernel/bpf/verifier.c:20107:bpf_prog_is_offloaded": [
        3.655337477666144e-05,
        3.655337477666144e-05,
        {}
      ],
      "kernel/bpf/verifier.c:20017:bpf_prog_is_offloaded": [
        3.142906990142853e-05,
        3.142906990142853e-05,
        {}
      ],
      "kernel/bpf/verifier.c:20066:bpf_prog_is_offloaded": [
        2.630476502619562e-05,
        2.630476502619562e-05,
        {}
      ]
    },
    "durations_per_insn_type": {
      "call bpf_get_current_pid_tgid": [
        5,
        843557,
        168711.4
      ],
      "and": [
        5,
        82631,
        16526.2
      ],
      "jne32": [
        265,
        3290695,
        12417.716981132075
      ],
      "jeq": [
        1290,
        8298787,
        6433.168217054264
      ],
      "call bpf_probe_read_user_str": [
        500,
        2536373,
        5072.746
      ],
      "stx": [
        1226,
        6017666,
        4908.373572593801
      ],
      "jne": [
        495,
        1968987,
        3977.7515151515154
      ],
      "ldx": [
        7100,
        16842748,
        2372.218028169014
      ],