{
  "program_name": "selftest_test_bpf_ma_6",
  "verification_stats": {
    "subprog_cnt": 1,
    "insn_processed": 26389,
    "complexity_limit_insns": 1000000,
    "max_states_per_insn": 4,
    "total_states": 514,
    "peak_states": 233,
    "longest_mark_read_walk": 0
  },
  "stats": {
    "verification_time": 65207611,
    "program_length": 482,
    "num_records": 67999,
    "num_record_sites": 45,
    "site_tree": {
      "kernel/bpf/verifier.c:20063:do_check_main": [
        96.00670234644848,
        96.00670234644848,
        {
          "kernel/bpf/verifier.c:18807:do_check": [
            95.46977575976521,
            99.44074051752582,
            {
              "kernel/bpf/verifier.c:17790:do_check_insn": [
                46.814691616290006,
                49.03613865616681,
                {
                  "kernel/bpf/verifier.c:17642:check_cond_jmp_op": [
                    19.49692805031609,
                    41.64702869372696,
                    {}
                  ],
                  "kernel/bpf/verifier.c:17578:check_alu_op": [
                    3.772498274779611,
                    8.058364040289657,
                    {}
                  ],
                  "kernel/bpf/verifier.c:17628:check_kfunc_call": [
                    3.2253734920606125,
                    6.889660875045231,
                    {}
                  ],
                  "kernel/bpf/verifier.c:17629:check_helper_call": [
                    1.721941630402623,
                    3.6782077825403054,
                    {}
                  ],
                  "kernel/bpf/verifier.c:17588:check_store_reg": [
                    0.6693191075501908,
                    1.4297202105616118,
                    {}
                  ],
                  "kernel/bpf/verifier.c:17651:check_ld_imm": [
                    0.6109976947322914,
                    1.3051409154635631,
                    {}
                  ],
                  "kernel/bpf/verifier.c:17583:check_load_mem": [
                    0.5745172906273165,
                    1.2272157965628956,
                    {}
                  ],
                  "kernel/bpf/verifier.c:17640:process_bpf_exit_full": [
                    0.0021623242722387114,
                    0.004618901027826684,
                    {}
                  ]
                }
              ],
              "kernel/bpf/verifier.c:17703:bpf_is_state_visited": [
                17.47515178864627,
                18.3043813076714,
                {
                  "kernel/bpf/states.c:1370:states_equal": [
                    3.0944301885250787,
                    17.707601203988123,
                    {
                      "kernel/bpf/states.c:967:refsafe": [
                        0.7372252910783681,
                        23.824266380679195,
                        {}
                      ]
                    }
                  ],
                  "kernel/bpf/states.c:1382:propagate_precision": [
                    0.9895639329586848,
                    5.662691488617637,
                    {}
                  ]
                }
              ]
            }
          ],
          "kernel/bpf/verifier.c:18798:18708": [
            0.0026883364888187667,
            0.0028001550132590453,
            {}
          ]
        }
      ],
      "kernel/bpf/verifier.c:20055:bpf_compute_live_registers": [
        2.511111778040757,
        2.511111778040757,
        {}
      ],
      "kernel/bpf/verifier.c:20102:bpf_do_misc_fixups": [
        0.7609525826670755,
        0.7609525826670755,
        {}
      ],
      "kernel/bpf/verifier.c:20039:bpf_compute_const_regs": [
        0.13503024976639613,
        0.13503024976639613,
        {}
      ],
      "kernel/bpf/verifier.c:20023:bpf_check_cfg": [
        0.06864842817198134,
        0.06864842817198134,
        {}
      ],
      "kernel/bpf/verifier.c:20009:bpf_check_btf_info": [
        0.05514693675865537,
        0.05514693675865537,
        {}
      ],
      "kernel/bpf/verifier.c:20001:add_subprog_and_kfunc": [
        0.05392928748762165,
        0.05392928748762165,
        {}
      ],
      "kernel/bpf/verifier.c:20013:check_and_resolve_insns": [
        0.03275844594275966,
        0.03275844594275966,
        {}
      ],
      "kernel/bpf/verifier.c:20051:bpf_compute_scc": [
        0.029527228040910746,
        0.029527228040910746,
        {}
      ],
      "kernel/bpf/verifier.c:20035:check_attach_btf_id": [
        0.02703058696629754,
        0.02703058696629754,
        {}
      ],
      "kernel/bpf/verifier.c:20059:mark_fastcall_patterns": [
        0.02048073805372198,
        0.02048073805372198,
        {}
      ],
      "kernel/bpf/verifier.c:20027:bpf_compute_postorder": [
        0.01633858354356825,
        0.01633858354356825,
        {}
      ],
      "kernel/bpf/verifier.c:20047:sort_subprogs_topo": [
        0.005818339211967143,
        0.005818339211967143,
        {}
      ],
      "kernel/bpf/verifier.c:20108:bpf_opt_subreg_zext_lo32_rnd_hi32": [
        0.00491967111017148,
        0.00491967111017148,
        {}
      ],
      "kernel/bpf/verifier.c:20099:bpf_convert_ctx_accesses": [
        0.004833791564607389,
        0.004833791564607389,
        {}
      ],
      "kernel/bpf/verifier.c:20005:check_subprogs": [
        0.004608357757501651,
        0.004608357757501651,
        {}
      ],
      "kernel/bpf/verifier.c:20079:check_max_stack_depth": [
        0.0045255453385648495,
        0.0045255453385648495,
        {}
      ],
      "kernel/bpf/verifier.c:20076:bpf_remove_fastcall_spills_fills": [
        0.004350719120809379,
        0.004350719120809379,
        {}
      ],
      "kernel/bpf/verifier.c:20043:bpf_prune_dead_branches": [
        0.004016402318434883,
        0.004016402318434883,
        {}
      ],
      "kernel/bpf/verifier.c:20031:bpf_stack_liveness_init": [
        0.0037464951752334556,
        0.0037464951752334556,
        {}
      ],
      "kernel/bpf/verifier.c:20087:bpf_opt_hard_wire_dead_code_branches": [
        0.0029904484616067287,
        0.0029904484616067287,
        {}
      ],
      "kernel/bpf/verifier.c:19997:bpf_check_btf_info_early": [
        0.0027021385586415672,
        0.0027021385586415672,
        {}
      ],
      "kernel/bpf/verifier.c:20083:bpf_optimize_bpf_loop": [
        0.0022972778438394253,
        0.0022972778438394253,
        {}
      ],
      "kernel/bpf/verifier.c:20089:bpf_opt_remove_dead_code": [
        0.001959893914837641,
        0.001959893914837641,
        {}
      ],
      "kernel/bpf/verifier.c:20091:bpf_opt_remove_nops": [
        0.0014062775586119846,
        0.0014062775586119846,
        {}
      ],
      "kernel/bpf/verifier.c:20114:bpf_fixup_call_args": [
        0.00036345450533374087,
        0.00036345450533374087,
        {}
      ],
      "kernel/bpf/verifier.c:20064:do_check_subprogs": [
        0.0003557866887655185,
        0.0003557866887655185,
        {}
      ],
      "kernel/bpf/verifier.c:20017:bpf_prog_is_offloaded": [
        0.00023616875030124936,
        0.00023616875030124936,
        {}
      ],
      "kernel/bpf/verifier.c:20107:bpf_prog_is_offloaded": [
        0.00023616875030124936,
        0.00023616875030124936,
        {}
      ],
      "kernel/bpf/verifier.c:20066:bpf_prog_is_offloaded": [
        0.0002331016236739604,
        0.0002331016236739604,
        {}
      ]
    },
    "durations_per_insn_type": {
      "jeq": [
        48,
        14269389,
        297278.9375
      ],
      "jeq32": [
        10,
        1838553,
        183855.3
      ],
      "add": [
        28,
        3135165,
        111970.17857142857
      ],
      "call kernel-function": [
        29,
        3101177,
        106937.13793103448
      ],
      "mov": [
        167,
        12752589,
        76362.80838323354
      ],
      "stx": [
        29,
        2023292,
        69768.68965517242
      ],